순위,기업명,종목코드,2024년 매출(억원),섹터(추정),채용규모(추정),채용형태(추정),IT/전산직 채용 및 주요 직무,비고 및 특이사항,직원수(공시),"평균연봉(대표,만원)",평균연봉_출처
1,삼성전자,005930,3008709,제조·모빌리티,대규모,혼합,"DX/DS부문 전산 인프라 운영, 보안, ERP 관리","채용 규모/특징: 대규모 (정기/수시). 국내 최대 IT 인력 수요, 일반 전산직도 최고 대우",129480,12567,dart
2,현대자동차,005380,1752312,제조·모빌리티,대규모,수시,"ICT 직군 (시스템 운영, 보안, 네트워크, 인프라)",채용 규모/특징: 대규모 (수시 채용). 현대오토에버와 별개로 본사 IT 거버넌스 인력 대거 채용,75137,12383,dart
3,SK,034730,1246904,기타,소규모,수시,"그룹 IT 전략 기획, 전산 거버넌스 관리",채용 규모/특징: 소수 수시 채용. 지주사. 실제 운영은 SK C&C가 주도하나 본사 기획직 존재,4404,11619,dart
4,기아,000270,1074488,제조·모빌리티,중간,수시,"전산 시스템 운영, 보안, 클라우드 인프라","채용 규모/특징: 수시 채용 활발. 현대차와 동일한 ICT 직군 체계, 인프라 관리 비중 높음",35747,13619,dart
5,한국전력공사,015760,933989,공공,대규모,정기,"ICT 직렬 (통신, 보안, 전산 시스템 운영)","채용 규모/특징: 정기 공채 (대규모). 공기업 전산직의 정석, 전국 사업소 인프라 관리",22742,9139,dart
6,LG전자,066570,877282,제조·모빌리티,중간,혼합,"스마트 팩토리 IT, 전산 보안, ERP 유지보수",채용 규모/특징: 수시/정기 공채. LG CNS와 협력하며 본사 자체 IT 운영 인력 필수 채용,35727,11732,dart
7,SK이노베이션,096770,747170,에너지,소규모,수시,"그룹 전산 전략, DX 기획, 정보보안 가이드",채용 규모/특징: 소수 수시 채용. IT 기획 및 자회사(SK에너지 등) 전산 컨트롤타워,2148,12132,dart
8,POSCO홀딩스,005490,726881,기타,극소수,수시,그룹 IT 거버넌스 수립 및 전산 보안 감사,채용 규모/특징: 극소수 (지주사). 지주사 성격. 실제 실무는 포스코DX에서 전담 수행,527,14261,dart
9,HD현대,267250,677656,기타,소규모,수시,"그룹 공통 전산 시스템 기획, 보안 가이드",채용 규모/특징: 소수 수시 채용. 지주사. 계열사 통합 IT 인프라 전략 수립 담당,53,16554,dart
10,SK하이닉스,000660,661930,제조·모빌리티,대규모,혼합,"반도체 공정 전산(MES), 인프라, 전산 보안","채용 규모/특징: 대규모 (정기/수시). 반도체 특화 전산직 수요 매우 높음, 성과급 비중 큼",32390,11391,dart
11,현대모비스,012330,572370,제조·모빌리티,중간,수시,"스마트 팩토리 IT, 전산 보안, ERP 운영",채용 규모/특징: 수시 채용 활발. 제조 기반 IT 솔루션 및 전산망 유지보수 핵심,12310,13320,dart
12,한화,000880,556468,기타,중간,혼합,"방산/제조 전산 시스템, ERP 운영, 보안",채용 규모/특징: 수시/정기 공채. 본사 및 사업장별 전산 지원 조직 운영 (한화시스템 별도),3492,8753,dart
13,LG화학,051910,489161,제조·모빌리티,중간,혼합,"생산 공정 IT(MES), 전산 보안, ERP 유지보수",채용 규모/특징: 수시/정기 공채. 대규모 생산 거점(여수 등) 전산 인프라 관리직 상시 필요,13857,10555,dart
14,GS칼텍스,,476142,에너지,소규모,수시,"정유 전산 인프라 운영, 보안, ERP 관리","채용 규모/특징: 소수 수시 채용. 정유사 특유의 높은 연봉, 안정적인 전산 운영 환경",,14000,research
15,메리츠금융지주,138040,465745,금융,극소수,수시,"금융 IT 전략 기획, 그룹사 전산 보안 감사",채용 규모/특징: 극소수. 지주사 채용은 적으나 금융 IT 전략의 핵심 직무,36,19308,dart
16,포스코,,446441,제조·모빌리티,중간,혼합,"제철 공정 전산, 네트워크, 보안, 일반 전산 지원","채용 규모/특징: 수시/정기 공채. 포항/광양 기반 대규모 인프라 운영, 매우 안정적임",,10000,research
17,CJ,001040,436467,기타,소규모,수시,"그룹 IT 표준화 전략, 보안 정책 수립",채용 규모/특징: 소수 수시 채용. 지주사. 실제 운영은 CJ올리브네트웍스가 주도,62,79445,dart
18,SK에너지,,434194,에너지,소규모,수시,"공정 자동화 전산, IT 인프라 보안 및 지원",채용 규모/특징: 소수 수시 채용. 울산 공장 상주 IT 지원 및 본사 시스템 운영,,10000,research
19,삼성물산,028260,421032,건설·엔지니어링,중간,혼합,상사/건설/패션/리조트 전산 통합 관리,채용 규모/특징: 수시/정기 공채. 사업부별 전산 시스템 운영 및 일반 전산 행정,9380,13416,dart
20,한국가스공사,036460,383887,공공,중간,정기,"전산 운영, 정보보안, 클라우드 인프라","채용 규모/특징: 정기 공채. 대구 기반 공기업 전산직, 워라밸 및 안정성 최상",4216,8918,dart
21,S-Oil,010950,366370,에너지,소규모,수시,"전산 시스템 운영, 보안, 데이터 분석","채용 규모/특징: 소수 (수시 채용). 정유사 특유의 고연봉, 전산직 업무 강도 대비 처우 최상급",3497,15059,dart
22,메리츠증권,008560,347850,금융,소규모,수시,"금융 IT 시스템 관리, 인프라 운영","채용 규모/특징: 소수. 증권업계 최고 수준 연봉, 전산 지원 인력 상시 필요",1463,19738,dart
23,현대건설,000720,326703,건설·엔지니어링,중간,혼합,"스마트 건설 IT, ERP 관리, 현장 전산 지원",채용 규모/특징: 정기 공채/수시. 건설 IT 솔루션 및 본사 전산망 유지보수,7147,11103,dart
24,포스코인터내셔널,047050,323408,기타,소규모,,"글로벌 ERP 시스템 운영, IT 보안",채용 규모/특징: 소수. 글로벌 사업 네트워크 관리를 위한 전산직 필수,1743,13008,dart
25,에이치디현대오일뱅크,,304686,제조·모빌리티,소규모,,"정유 공정 IT 시스템, 전산 인프라",채용 규모/특징: 소수. 제조 인프라 기반의 안정적인 전산 운영,,12000,research
26,CJ제일제당,097950,293591,유통·물류,대규모,정기,"생산/유통 전산 시스템, 스마트 팩토리",채용 규모/특징: 대규모 (공채). 식품 제조/유통 IT 기획 및 관리 업무 비중 높음,8387,8136,dart
27,이마트,139480,290209,유통·물류,중간,혼합,"리테일 테크, 매장 전산 인프라, 전산 행정",채용 규모/특징: 수시/정기. 점포 전산 장비 및 결제 시스템 운영 인력 필요,24548,5048,dart
28,현대글로비스,086280,284074,유통·물류,,수시,"물류 시스템(WMS/TMS) 운영, IT 전략",채용 규모/특징: 수시. 물류 특화 전산 시스템 운영 및 유지보수,2441,9903,dart
29,미래에셋캐피탈,,279237,금융,소규모,,"금융 전산 운영, 리스/할부 시스템 관리",채용 규모/특징: 소수. 금융 시스템 운영 및 정보보안,,15000,research
30,LS,006260,275447,기타,극소수,,지주사 내 IT 전략 및 그룹사 시스템 관리,채용 규모/특징: 극소수. 지주사 IT 거버넌스 관리 위주,92,14100,dart
31,LG디스플레이,034220,266153,제조·모빌리티,대규모,혼합,"공정 제어 전산, 시스템 보안, 인프라",채용 규모/특징: 수시/공채. 제조업 기반의 대규모 IT 인프라 운영 인력 수요,25144,8744,dart
32,케이티,030200,264312,기타,대규모,정기,"네트워크 운영, IT 서비스 기획, 인프라 관리",채용 규모/특징: 대규모 (공채). 정통 IT/통신 기업으로 전산직의 핵심 거점,16927,11391,dart
33,LG에너지솔루션,373220,256196,에너지,대규모,,"배터리 제조 IT, 스마트 팩토리, 전산 보안",채용 규모/특징: 대규모. 신성장 산업으로 IT 인프라 구축 인력 대거 채용,12635,11839,dart
34,HD한국조선해양,009540,255386,제조·모빌리티,소규모,,"조선 공정 전산, DX 기획",채용 규모/특징: 소수. 지주사 내 IT 기획 및 조선 특화 시스템 관리,1411,11133,dart
35,GS,078930,252975,기타,극소수,,"그룹 전산 전략, IT 거버넌스",채용 규모/특징: 극소수. 지주사. 실제 운영은 GS ITM 등에서 수행,89,14565,dart
36,현대제철,004020,232261,제조·모빌리티,중간,혼합,"제철 공정 전산, MES 운영, IT 보안",채용 규모/특징: 수시/공채. 제조 전산 인프라 관리 및 공장 전산 지원,11803,9290,dart
37,미래에셋증권,006800,222423,금융,중간,정기,"트레이딩 시스템(HTS/MTS) 운영, 보안",채용 규모/특징: 정기 공채. 금융 IT 실무 인력 대폭 채용 (전산/보안/인프라),3298,13816,dart
38,LG이노텍,011070,212008,제조·모빌리티,,수시,"정밀 제조 IT, ERP 시스템 운영",채용 규모/특징: 수시. 부품 제조 기반 IT 시스템 유지보수,12658,8818,dart
39,한국금융지주,071050,211741,금융,극소수,,금융 IT 전략 및 계열사 관리,채용 규모/특징: 극소수. 지주사. 실제 채용은 한국투자증권 위주,87,16632,dart
40,롯데케미칼,011170,204304,기타,소규모,,"화학 공정 IT 운영, 전산 인프라 지원",채용 규모/특징: 소수. 롯데정보통신과 협업하나 본사 내 IT 운영직 존재,4764,10116,dart
41,한국투자증권,,195796,금융,중간,정기,"금융 IT 시스템 개발/운영, 인프라, 보안","채용 규모/특징: 정기 공채/채용연계형 인턴. 증권업계 최고 수준 처우, 전산직 위상 높음",,15000,research
42,두산,000150,181329,기타,소규모,,"그룹 전산 전략 기획, 보안 가이드라인 수립",채용 규모/특징: 소수 (지주사 채용). 지주사로 실무 운영은 두산디지털이노베이션 전담,1793,10140,dart
43,SK텔레콤,017670,179406,기타,대규모,혼합,"AI 인프라, 클라우드, 서비스 운영, 전산 지원",채용 규모/특징: 대규모 공채 및 수시. 국내 최고 수준 IT 인프라 및 전산 환경 보유,5493,16138,dart
44,대한항공,003490,178707,기타,중간,정기,"항공 예약/발권 시스템, 전산 보안, 기내 IT",채용 규모/특징: 정기 공채 (IT직 별도). 전산직 직렬이 뚜렷하며 인프라 관리 비중 높음,18214,11006,dart
45,LX인터내셔널,001120,166376,기타,소규모,수시,"글로벌 ERP 운영, SCM 시스템 관리",채용 규모/특징: 소수 수시 채용. 상사 특유의 글로벌 전산망 관리 직무 존재,387,10826,dart
46,삼성SDI,006400,165922,제조·모빌리티,중간,정기,"배터리 공정 전산화, 스마트 팩토리, 보안",채용 규모/특징: 정기 공채 (3급). 제조 IT 실무 인력 수요가 매우 높음,13341,8989,dart
47,두산에너빌리티,034020,162331,제조·모빌리티,중간,혼합,"발전 설비 제어 전산, 보안, 공장 인프라",채용 규모/특징: 수시/정기 공채. 창원 공장 중심의 전산 운영 및 보안 관리,6174,10059,dart
48,롯데지주,004990,157570,기타,소규모,수시,"그룹 IT 거버넌스, 디지털 전환 기획",채용 규모/특징: 소수 수시 채용. 지주사. 실제 운영은 롯데정보통신에서 수행,279,16911,dart
49,현대엔지니어링,,147604,건설·엔지니어링,중간,혼합,"건설 전산 시스템, ERP 관리, 현장 보안",채용 규모/특징: 수시/공채. 본사 전산지원팀 및 건설 특화 IT 운영,,10000,research
50,LG유플러스,032640,146252,기타,대규모,혼합,"통신망 전산 관리, 인프라 운영, IT 서비스",채용 규모/특징: 대규모 공채/수시. 통신 기반 전산 인프라 운영 인력 상시 채용,10571,11101,dart
51,HD현대중공업,329180,144865,제조·모빌리티,대규모,혼합,"스마트 조선소 IT, 생산 전산화, 보안",채용 규모/특징: 정기 공채/수시. 대규모 조선 공정 전산 인프라 관리직 존재,14537,9757,dart
52,에스케이온,,140347,기타,대규모,수시,"글로벌 배터리 생산 전산, IT 인프라 운영",채용 규모/특징: 대규모 수시 채용. 신설 법인으로 IT 시스템 구축 인력 대거 필요,,10000,research
53,롯데쇼핑,023530,139866,유통·물류,중간,혼합,"유통 전산 시스템, 온라인 몰 인프라 운영",채용 규모/특징: 수시/정기 공채. 리테일 테크 및 점포 전산 인프라 지원,18832,4898,dart
54,삼성에스디에스,018260,138282,기타,대규모,정기,"그룹 전산 운영(SM), 인프라, 보안, ERP",채용 규모/특징: 대규모 공채 (그룹 SI). 컴공 전공자가 가장 많이 지원하는 전산 전문 기업,11387,13578,dart
55,에스케이지오센트릭,,131935,제조·모빌리티,소규모,수시,"석유화학 공정 IT, 전산 인프라 보안","채용 규모/특징: 소수 수시 채용. 높은 평균 연봉, 안정적인 공장 전산 운영직",,14000,research
56,GS건설,006360,128638,건설·엔지니어링,중간,혼합,"스마트 빌딩 IT, ERP 관리, 현장 전산 지원",채용 규모/특징: 정기 공채/수시. 건설 IT 기술 및 본사 인프라 운영 업무,5483,9050,dart
57,현대트랜시스,,127464,제조·모빌리티,,수시,"부품 제조 전산, MES 운영, 인프라 보안",채용 규모/특징: 수시 채용. 자동차 부품 공급망 관리 전산직 수요 존재,,10000,research
58,하나증권,,126435,금융,중간,정기,"증권 전산 운영, MTS/HTS 관리, 보안",채용 규모/특징: 정기 공채/인턴. 금융 IT 특화 직무로 보수적인 전산 운영 위주,,14000,research
59,한화솔루션,009830,123940,제조·모빌리티,,수시,"태양광/케미칼 전산, 스마트 팩토리 기획",채용 규모/특징: 수시 채용 활발. 글로벌 제조 거점 전산망 통합 및 운영 담당,5910,8845,dart
60,하림지주,003380,122730,기타,극소수,,그룹사 IT 통합 관리 및 보안 감사,채용 규모/특징: 극소수. 지주사. 실제 IT는 계열사 및 협력사 위탁,74,7630,dart
61,다우데이타,032190,121361,기타,,수시,"IT 솔루션 기술 지원, 인프라 구축/운영",채용 규모/특징: 수시 채용. IT 전문 기업으로 실무 위주의 전산직 채용,206,6357,dart
62,CJ대한통운,000120,121168,유통·물류,중간,혼합,"물류 시스템(TES) 운영, 전산 물류 보안",채용 규모/특징: 수시/공채. 물류 자동화 및 시스템 운영 비중 매우 높음,7002,7881,dart
63,고려아연,010130,120529,제조·모빌리티,소규모,수시,"비철금속 공정 IT, 전산 인프라 유지보수",채용 규모/특징: 소수 수시 채용. 제조업 기반의 탄탄하고 안정적인 전산직,1944,11137,dart
64,한화토탈에너지스,,117977,에너지,소규모,수시,"화학 공정 전산화, 네트워크/보안 운영","채용 규모/특징: 소수 수시 채용. 고연봉 보장, 대산 공장 중심 전산 운영",,15000,research
65,HMM,011200,117002,유통·물류,,수시,"해운 전산 시스템 운영, 선박 IT 보안",채용 규모/특징: 수시 채용. 글로벌 해운 물류망 전산 관리 직무 핵심,1890,10834,dart
66,GS리테일,007070,116269,유통·물류,중간,혼합,"편의점/슈퍼 전산 인프라, POS 시스템",채용 규모/특징: 정기 공채/수시. 전국 점포망 전산 지원 및 데이터 관리,7458,4714,dart
67,다우기술,023590,116258,기타,,수시,"시스템 운영, 인프라 관리, 기술 지원",채용 규모/특징: 수시 채용 활발. IT 기업으로서 순수 전산/인프라 직무 비중 높음,727,8541,dart
68,신한투자증권,008670,114466,금융,대규모,혼합,"금융 IT 운영, 정보보안, 클라우드 관리","채용 규모/특징: 정기 공채/수시. 대규모 IT 인력 확충 중, 금융 전산직 선호도 높음",2616,13523,dart
69,키움증권,039490,112803,금융,중간,혼합,"온라인 트레이딩 시스템 전산, 인프라",채용 규모/특징: 수시/공채. 지점 없는 증권사로 IT 부서 영향력이 절대적,987,11750,dart
70,한화에어로스페이스,012450,112401,기타,중간,혼합,"방산 제조 IT, 보안(기밀 유지), 전산 인프라",채용 규모/특징: 수시/공채. 고도의 보안이 요구되는 방산 전산 시스템 운영,7659,11786,dart
71,E1,017940,111924,에너지,극소수,,"전산 시스템 운영, 보안, ERP 관리",채용 규모/특징: 소수 (T/O 적음). 에너지 기업 특유의 높은 연봉과 워라밸,329,12046,dart
72,케이비증권,003450,108320,금융,중간,정기,"금융 시스템 운영, 네트워크 보안, DX",채용 규모/특징: 정기 공채/인턴. KB금융그룹 내 IT 직군 시너지 및 안정적 처우,3027,14430,dart
73,한화오션,042660,107760,제조·모빌리티,중간,혼합,"조선 생산 전산, 설계 시스템 지원, 보안",채용 규모/특징: 수시/공채. 거제 조선소 현장 및 본사 전산 인프라 관리,10202,8300,dart
74,NAVER,035420,107377,IT·플랫폼,대규모,혼합,"인프라 운영, 시스템 보안, 서비스 전산 관리",채용 규모/특징: 대규모 수시/공채. IT 전문 기업. 개발 외 인프라/보안 직무 탄탄함,4583,12709,dart
75,SK인천석유화학,,107284,에너지,극소수,,"정유 공정 전산, 전산 인프라 유지보수",채용 규모/특징: 극소수. 인천 지역 기반 안정적인 정유 전산직,,12000,research
76,대우건설,047040,105036,건설·엔지니어링,중간,혼합,"스마트 홈/건설 IT, 본사 전산 운영",채용 규모/특징: 수시/정기. 건설 현장 전산 지원 및 ERP 유지보수,5503,10762,dart
77,삼성전기,009150,102941,제조·모빌리티,중간,정기,"부품 제조 전산, MES/ERP 운영, 인프라",채용 규모/특징: 정기 공채 (3급). 수원/세종 공장 기반 제조 전산 인력 필수,12161,10331,dart
78,한온시스템,018880,99987,제조·모빌리티,,수시,"자동차 부품 전산 시스템, ERP 운영",채용 규모/특징: 수시 채용. 글로벌 생산 거점 통합 전산망 관리,2219,11256,dart
79,삼성E&A,028050,99666,기타,중간,혼합,"플랜트 엔지니어링 IT, 협업 시스템 운영",채용 규모/특징: 수시/정기. 글로벌 프로젝트 지원을 위한 전산 인프라 중요,5854,12717,dart
80,삼성중공업,010140,99031,제조·모빌리티,대규모,혼합,"스마트 쉽 IT, 생산 전산 운영, 보안",채용 규모/특징: 수시/정기. 거제 기반. 대규모 제조 데이터 및 네트워크 관리,10112,9216,dart
81,포스코이앤씨,,94687,건설·엔지니어링,중간,혼합,"건설 현장 전산 인프라, 스마트 시티 IT",채용 규모/특징: 수시/공채. 송도 본사 중심의 건설 IT 전략 및 운영,,10000,research
82,한국타이어앤테크놀로지,161390,94119,유통·물류,중간,혼합,"생산 공정 전산, IT 보안, ERP 관리",채용 규모/특징: 수시/정기. 대전 공장 및 본사 전산 지원 인력 상시 필요,6465,9251,dart
83,에스케이에코플랜트,,93176,건설·엔지니어링,,수시,"환경/건설 전산 시스템, IT 인프라 기획",채용 규모/특징: 수시 채용. 사업 다각화로 인한 새로운 전산 시스템 수요 발생,,10000,research
84,SK디스커버리,006120,90396,기타,극소수,,"지주사 IT 전략, 그룹사 보안 거버넌스",채용 규모/특징: 극소수. 지주사. 계열사(SK케미칼 등) IT 지원 역할,72,10147,dart
85,동원산업,006040,89442,유통·물류,중간,혼합,"물류/수산 전산 시스템 운영, 전산 행정",채용 규모/특징: 수시/정기. 식품/물류 통합 전산망 관리 업무,774,9693,dart
86,KG케미칼,001390,88631,제조·모빌리티,소규모,,"비료/소재 공정 전산, 일반 전산 지원",채용 규모/특징: 소수. 제조업 기반의 일반적인 전산 관리직,209,6555,dart
87,HL만도,204320,88482,제조·모빌리티,,수시,"자율주행 관련 IT 인프라, 제조 전산 보안",채용 규모/특징: 수시 채용. 자동차 부품 제조 특화 IT 시스템 운영,3918,10761,dart
88,BGF리테일,282330,86988,유통·물류,중간,정기,"CU 점포 시스템 운영, IT 보안, 물류 전산",채용 규모/특징: 정기 공채 (IT직군). 유통 전산직 중 교육 및 체계가 가장 잘 잡힘,3379,5230,dart
89,아시아나항공,020560,83186,기타,,수시,"항공 전산 시스템 운영, 예약 인프라, 보안",채용 규모/특징: 수시 채용. 대한항공 합병 이슈로 채용은 유동적이나 전산 필수,7933,8928,dart
90,DL이앤씨,375500,83184,건설·엔지니어링,중간,혼합,"건설 ERP 운영, 스마트 현장 IT 솔루션",채용 규모/특징: 수시/정기. 대림그룹의 핵심 건설 IT 운영 인력 채용,5589,9523,dart
91,현대위아,011210,81809,제조·모빌리티,,수시,"자동차 부품/방산 제조 전산, MES 운영",채용 규모/특징: 수시 채용. 창원 중심 제조업 기반 IT 인프라 관리,2937,12575,dart
92,카카오,035720,78717,IT·플랫폼,대규모,혼합,"플랫폼 인프라 운영, 보안, 전산 시스템 기획",채용 규모/특징: 대규모 수시/공채. 기술 중심 회사로 전산/인프라 직군 대우 우수,4028,10166,dart
93,롯데건설,,78632,건설·엔지니어링,중간,혼합,"건설 IT 시스템 유지보수, 전산 보안",채용 규모/특징: 수시/정기. 롯데 계열사 중 안정적인 건설 IT 운영 직무,,9000,research
94,효성티앤씨,298020,77761,제조·모빌리티,소규모,수시,"섬유 제조 공정 IT, 전산 인프라 지원","채용 규모/특징: 소수 수시 채용. 전형적인 제조업 전산팀 업무 (ERP, 네트워크 등)",1317,7399,dart
95,SK네트웍스,001740,76573,기타,,수시,"렌터카/가전 렌탈 전산 시스템, IT 보안",채용 규모/특징: 수시 채용. 사업 부문별 다양한 전산 시스템 운영 및 통합,1554,5965,dart
96,현대지에프홀딩스,005440,74093,유통·물류,극소수,,그룹 IT 전략 및 유통 전산 거버넌스,채용 규모/특징: 극소수 (지주사). 현대백화점 그룹 지주사. 계열사 연계 IT 기획,93,13083,dart
97,에이치디현대케미칼,,73229,제조·모빌리티,소규모,,"석유화학 전산 인프라, 공정 제어 전산",채용 규모/특징: 소수. HD현대-오일뱅크 계열로 대산 공장 상주직 위주,,10000,research
98,대림,,72876,기타,소규모,,그룹 전산 기획 및 유지관리 지원,채용 규모/특징: 소수. 대림그룹 지주사 성격. 실제 운영은 DL 계열사 중심,,11000,research
99,KG에코솔루션,151860,72849,에너지,소규모,,"환경 에너지 전산 운영, 일반 전산 지원",채용 규모/특징: 소수. 폐기물/에너지 관리 시스템 전산 유지보수,29,4369,dart
100,LG,003550,71755,기타,극소수,,"그룹 IT 거버넌스 기획, 정보보안 전략 수립",채용 규모/특징: 극소수 (지주사). LG그룹 본체. 실무 채용보다는 관리 및 정책 수립,182,19885,dart
101,금호석유화학,011780,71550,제조·모빌리티,소규모,수시,"전산 시스템 운영, 보안, ERP 관리",채용 규모/특징: 소수 수시 채용. 안정적인 제조업 기반 전산 운영,1579,9949,dart
102,SK가스,018670,70959,에너지,소규모,수시,"IT 시스템 기획 및 운영, 인프라 관리",채용 규모/특징: 소수 수시 채용. 에너지 분야 특화 데이터/전산 인력,661,11947,dart
103,에이치디현대삼호,,70031,제조·모빌리티,대규모,혼합,"조선 공정 IT 운영, 현장 전산 지원","채용 규모/특징: 수시/정기 공채. 영암 기반, 대규모 생산 인프라 관리",,8500,research
104,현대코퍼레이션,011760,69957,기타,소규모,,"글로벌 IT 인프라, ERP 유지보수",채용 규모/특징: 소수. 무역 상사 시스템 및 해외 법인 지원,252,11923,dart
105,LG생활건강,051900,68119,유통·물류,중간,혼합,"유통/제조 IT 기획, 전산 보안, ERP",채용 규모/특징: 수시/정기 공채. 소비재 유통 전산 시스템 관리,4381,7921,dart
106,LS전선,,67653,제조·모빌리티,,수시,"제조 전산 인프라 운영, MES 구축",채용 규모/특징: 수시 채용. 공장 기반 전산 유지보수 및 보안,,8000,research
107,케이씨씨,002380,66588,제조·모빌리티,중간,혼합,"전산 인프라 운영, 시스템 관리, 보안",채용 규모/특징: 수시/정기 공채. 전통 제조업 기반의 안정적 전산직,3688,8338,dart
108,신세계,004170,65704,유통·물류,중간,혼합,"백화점 전산 시스템, 인프라 지원",채용 규모/특징: 수시/정기 공채. 유통/멤버십 전산 시스템 운영,2672,8773,dart
109,여천NCC,,64489,제조·모빌리티,극소수,,"석유화학 공정 전산, 전산망 보안","채용 규모/특징: 소수 (T/O 적음). 고연봉, 여수 공장 중심 전산 운영",,13000,research
110,HDC,012630,62003,기타,극소수,,"지주사 IT 전략, 그룹 보안 거버넌스",채용 규모/특징: 극소수 (지주사). 그룹 전산 기획 및 자회사 관리,12,7600,dart
111,코오롱,002020,60284,기타,소규모,,그룹 IT 전략 기획 및 시스템 관리,채용 규모/특징: 소수 (지주사). 실무는 코오롱베니트(SI)에서 주로 수행,82,9865,dart
112,세아홀딩스,058650,60168,제조·모빌리티,소규모,,그룹 전산 감사 및 IT 전략 수립,채용 규모/특징: 소수 (지주사). 철강 계열사 IT 거버넌스 관리,64,11628,dart
113,LG씨엔에스,064400,59826,기타,대규모,정기,"시스템 개발/운영(SI/SM), 클라우드","채용 규모/특징: 대규모 공채. 국내 톱티어 IT 전문 기업, 다양한 직무",6891,11584,dart
114,GS에너지,,59577,에너지,극소수,,"에너지 IT 전략, 계열사 시스템 관리",채용 규모/특징: 극소수. 지주사 성격. IT 투자 기획 및 전략,,15000,research
115,케이티앤지,033780,59088,기타,중간,정기,"ERP 운영, 전산 보안, 데이터 분석",채용 규모/특징: 정기 공채. 안정적인 업무 환경 및 복지 우수,4442,10653,dart
116,현대캐피탈,,58858,금융,중간,혼합,"금융 IT 시스템 개발/운영, 인프라 보안",채용 규모/특징: 수시/정기 공채. 금융권 상위 수준 연봉 및 IT 기술력 중시,,12000,research
117,DL,000210,56154,건설·엔지니어링,소규모,,그룹 IT 전략 및 인프라 기획,채용 규모/특징: 소수 (지주사). 건설/화학 부문 통합 IT 거버넌스,24,22412,dart
118,한화에너지,,55851,에너지,소규모,수시,"태양광/발전 IT 시스템, 인프라 관리",채용 규모/특징: 소수 수시 채용. 에너지 솔루션 기반 전산 기획/운영,,10000,research
119,이랜드월드,,54520,유통·물류,중간,혼합,"패션 유통 전산, 이커머스 인프라",채용 규모/특징: 수시/정기 공채. 유통망 전산 및 그룹 IT 통합 운영,,7000,research
120,대상홀딩스,084690,53579,기타,극소수,,그룹 IT 전략 및 자회사 시스템 관리,채용 규모/특징: 극소수 (지주사). 식품 계열사 IT 표준화 및 기획,46,9454,dart
121,코리아세븐,,52975,유통·물류,중간,혼합,"편의점(7-Eleven) 전산, POS 운영",채용 규모/특징: 수시/정기 공채. 점포 전산 인프라 및 유통 시스템 지원,,6000,research
122,CJ ENM,035760,52314,기타,중간,혼합,"미디어/커머스 IT 운영, 보안, 플랫폼",채용 규모/특징: 수시/정기 공채. 엔터테인먼트 특화 IT 서비스 및 인프라,3023,9047,dart
123,한국증권금융,,51857,금융,중간,혼합,"금융 IT 운영, 전산 인프라 보안",채용 규모/특징: 수시/정기 공채. 증권업계의 한국은행. 매우 높은 안정성,,13000,research
124,팬오션,028670,51612,기타,,수시,"해운 전산 시스템, 글로벌 인프라",채용 규모/특징: 수시 채용. 하림 계열 해운 전산 인프라 관리,1251,10629,dart
125,삼천리,004690,51205,에너지,소규모,수시,"도시가스 IT 운영, ERP 관리, 보안",채용 규모/특징: 소수 수시 채용. 에너지 공공재 성격의 안정적 전산직,856,10327,dart
126,에스케이엔무브,,50947,기타,소규모,수시,"윤활유 공정 IT, 전산 보안 및 인프라",채용 규모/특징: 소수 수시 채용. SK이노베이션 계열. 처우 우수,,13000,research
127,호텔롯데,,50691,유통·물류,중간,혼합,"면세/호텔 전산 인프라, 보안, ERP",채용 규모/특징: 수시/정기 공채. 롯데정보통신 협업 및 자체 IT 인력 운영,,7000,research
128,에스엘,005850,49733,제조·모빌리티,,수시,"자동차 부품 전산, 스마트 팩토리, ERP",채용 규모/특징: 수시 채용. 대구 기반 자동차 램프 제조 전산 시스템,4768,8589,dart
129,아이티센글로벌,124500,49618,기타,중간,혼합,"시스템 통합(SI), IT 컨설팅, 운영",채용 규모/특징: 수시/정기 공채. IT 서비스 전문 기업. 수시 채용 활발,230,6621,dart
130,DL케미칼,,49240,기타,소규모,수시,"석유화학 제조 전산, 인프라 보안",채용 규모/특징: 소수 수시 채용. 구 여천NCC 합병 이후 전산 조직 통합 운영,,10000,research
131,효성중공업,298040,48950,제조·모빌리티,중간,혼합,"중공업 공정 IT, 전산 인프라, 보안",채용 규모/특징: 수시/정기 공채. 창원 중심 제조 IT 시스템 유지보수,3395,8447,dart
132,코오롱인더,120110,48430,기타,중간,혼합,"소재 제조 IT, 전산 시스템 관리, ERP",채용 규모/특징: 수시/정기 공채. 전산/정보기획 직렬 꾸준한 채용,3861,7734,dart
133,에이치디현대미포,010620,46300,제조·모빌리티,중간,혼합,"선박 제조 공정 IT, 현장 전산 지원",채용 규모/특징: 수시/정기 공채. 울산 기반 조선 전산 인프라 관리,4003,8771,dart
134,풍산,103140,45544,기타,소규모,정기,"방산/제조 IT 시스템, 전산 보안, ERP",채용 규모/특징: 소수 정기 공채. 보수적이지만 매우 안정적인 전산 환경,3698,9121,dart
135,엘에스일렉트릭,010120,45518,기타,중간,혼합,"전력 설비 IT, 스마트 팩토리, 인프라",채용 규모/특징: 수시/정기 공채. DX 가속화로 전산 인력 비중 확대 중,3372,8538,dart
136,삼성바이오로직스,207940,45473,바이오·헬스,중간,정기,"바이오 제조 전산, 보안(GMP), 인프라",채용 규모/특징: 정기 공채. 성장세 높은 전산 인프라 및 보안 포지션,5011,10217,dart
137,금호타이어,073240,45322,제조·모빌리티,,수시,"타이어 공정 IT, ERP 운영, 인프라 지원",채용 규모/특징: 수시 채용. 광주 공장 및 본사 전산 유지보수,5551,8354,dart
138,서연,007860,44988,기타,소규모,,자동차 부품 그룹 IT 기획 및 관리,채용 규모/특징: 소수 (지주사). 지주사로서 계열사 통합 전산 관리,25,14904,dart
139,AK홀딩스,006840,44883,기타,극소수,,애경그룹 IT 전략 및 시스템 감사,채용 규모/특징: 극소수. 지주사. 실제 IT는 계열사별 운영,21,9876,dart
140,동원F&B,049770,44836,기타,,수시,"식품 제조/유통 IT 시스템, 전산 행정",채용 규모/특징: 수시 채용. 동원산업(SI부문)과 협업하여 시스템 운영,3318,5060,dart
141,엘에스아이앤디,,44130,제조·모빌리티,소규모,,전선 소재 관련 IT 시스템 관리,채용 규모/특징: 소수. LS그룹 계열 소재 분야 IT 인프라 지원,,8000,research
142,에스케이브로드밴드,033630,44089,기타,대규모,수시,"통신 인프라 운영, 전산 시스템 기획",채용 규모/특징: 수시 채용 활발. SKT와 협업하는 대규모 통신 IT 인프라,2604,12616,dart
143,삼성카드,029780,43832,금융,중간,정기,"금융 IT 운영, 보안, 데이터 플랫폼",채용 규모/특징: 정기 공채. IT 기술력 기반 금융 서비스 운영(신용카드),2021,14959,dart
144,현대로템,064350,43766,기타,중간,혼합,"방산/철도 제조 IT, 설계 시스템 보안",채용 규모/특징: 수시/정기 공채. 고도의 보안이 필요한 전산 관리 포지션,4182,11972,dart
145,제일기획,030000,43443,기타,중간,혼합,"광고 플랫폼 전산, 마케팅 IT 솔루션",채용 규모/특징: 수시/정기 공채. 광고주 대상 데이터 인프라 및 전산 관리,1474,12218,dart
146,코웨이,021240,43101,기타,대규모,수시,환경 가전 렌탈 시스템(WMS) 운영,채용 규모/특징: 수시 채용 활발. 대규모 고객 계정 관리 및 전산 시스템 핵심,6282,6376,dart
147,영원무역홀딩스,009970,43060,제조·모빌리티,소규모,,그룹 IT 전략 및 패션 유통 전산 기획,채용 규모/특징: 소수. 글로벌 생산망 지원을 위한 IT 전략,52,8231,dart
148,미스토홀딩스,081660,42687,기타,소규모,,(구 태영건설 관련) IT 전략 기획,채용 규모/특징: 소수. 구조조정 등 이슈로 인해 채용 유동적,58,12790,dart
149,아모레퍼시픽홀딩스,002790,42599,기타,소규모,,그룹 디지털 전환(DX) 전략 수립,채용 규모/특징: 소수. 지주사 내 IT 거버넌스 관리 위주,69,10290,dart
150,HDC현대산업개발,294870,42562,건설·엔지니어링,,수시,"건설 전산 인프라, 현장 시스템 지원",채용 규모/특징: 수시 채용. 건설 IT 인프라 및 ERP 시스템 유지보수,1855,8865,dart
151,대상,001680,42551,기타,중간,혼합,"식품 유통 전산, 인프라 보안, ERP 운영","채용 규모/특징: 수시/정기 공채. 종가집, 청정원 등 브랜드 전산 관리",5305,6571,dart
152,성우하이텍,015750,42451,제조·모빌리티,,수시,"자동차 차체 제조 전산, MES 운영",채용 규모/특징: 수시 채용. 부산 기반 대형 자동차 부품사 전산 운영,1802,7897,dart
153,현대백화점,069960,41876,유통·물류,중간,혼합,"리테일 테크, 백화점 전산 인프라 관리",채용 규모/특징: 수시/정기 공채. 점포 보안 및 네트워크 전산 지원,3178,7239,dart
154,에이치디현대인프라코어,042670,41142,제조·모빌리티,중간,혼합,"건설기계 제조 IT, 글로벌 ERP 운영",채용 규모/특징: 수시/정기 공채. 글로벌 생산 거점 통합 IT 시스템 관리,2497,11121,dart
155,대신증권,003540,40939,금융,중간,혼합,"증권 IT 시스템 운영, 트레이딩 보안",채용 규모/특징: 수시/정기 공채. 보수적이지만 탄탄한 금융 전산 환경,1404,12053,dart
156,GS글로벌,001250,40665,기타,소규모,,"글로벌 물류 전산, ERP 운영 지원",채용 규모/특징: 소수. 상사 사업 모델 기반 IT 시스템 관리,273,9913,dart
157,롯데웰푸드,280360,40443,기타,중간,혼합,"식품 제조 IT, 유통 전산 시스템 운영",채용 규모/특징: 수시/정기 공채. 합병 이후 통합 ERP 시스템 운영 관리,6549,6087,dart
158,서연이화,200880,40415,제조·모빌리티,,수시,"자동차 내장재 제조 IT, MES 운영",채용 규모/특징: 수시 채용. 글로벌 생산 거점 IT 지원 (동구권 등),939,11174,dart
159,롯데칠성음료,005300,40245,유통·물류,대규모,혼합,"음료/주류 제조 IT, SCM 전산 시스템",채용 규모/특징: 수시/정기 공채. 대규모 물류 및 영업 전산망 관리,5716,6792,dart
160,현대카드,,39638,금융,,수시,"핀테크, 금융 IT 인프라, 보안, AI",채용 규모/특징: 수시 채용 활발. IT 직군 대우가 매우 좋으며 기술 중심 문화,,12000,research
161,호텔신라,008770,39476,유통·물류,중간,혼합,"면세점 전산 시스템, 호텔 인프라 보안",채용 규모/특징: 수시/정기 공채. 삼성 그룹사 협업 및 자체 IT 인력 운용,1972,5609,dart
162,KG모빌리티,003620,39051,기타,,수시,"자동차 제조 전산, ERP 시스템 유지보수",채용 규모/특징: 수시 채용. 구 쌍용차. 전산 인프라 개선 인력 필요,4221,9474,dart
163,아모레퍼시픽,090430,38851,기타,,수시,"화장품 제조/유통 IT, DX 기획, 이커머스",채용 규모/특징: 수시 채용 활발. 소비재 분야 디지털 전환 선두주자,4722,7940,dart
164,티케이지태광,,38655,제조·모빌리티,소규모,,"화학/제조 공정 IT, 전산 인프라 관리",채용 규모/특징: 소수. 제조업 기반의 일반적인 전산 지원 업무,,7000,research
165,현대홈쇼핑,057050,38535,유통·물류,중간,혼합,"방송 전산 시스템, 쇼핑몰 인프라 보안",채용 규모/특징: 수시/정기 공채. 24시간 방송 시스템 및 결제 보안 관리,1031,6961,dart
166,비씨카드,,38058,금융,중간,혼합,"지불결제 IT 시스템 운영, 보안, 클라우드",채용 규모/특징: 수시/정기 공채. 결제 네트워크 전산 운영 및 핀테크 직무,,10000,research
167,현대오토에버,307950,37136,기타,대규모,정기,"모빌리티 IT, SI/SM, ERP, 보안","채용 규모/특징: 대규모 공채. 현대차그룹 IT 전담사, 채용 문턱 넓음",5421,10120,dart
168,포스코퓨처엠,003670,36999,제조·모빌리티,중간,혼합,"배터리 소재 제조 IT, 스마트 팩토리",채용 규모/특징: 수시/정기 공채. 포항/광양 공장 기반 전산 인프라 급팽창,3045,8349,dart
169,세아제강지주,003030,36751,제조·모빌리티,소규모,,그룹 IT 전략 기획 및 시스템 관리,채용 규모/특징: 소수. 철강 계열사 전산 통합 및 보안 정책,42,9798,dart
170,세아베스틸지주,001430,36361,기타,소규모,,철강 제조 IT 거버넌스 관리,채용 규모/특징: 소수. 지주사. 실제 IT는 세아제강 등 계열사 위주,55,11324,dart
171,한국항공우주,047810,36337,기타,중간,혼합,"항공기 제조 IT, 보안(기밀), PLM 시스템","채용 규모/특징: 수시/정기 공채. 사천 본사 중심, 강력한 보안 전산직 필수",5093,11629,dart
172,OCI홀딩스,010060,35774,기타,소규모,,에너지/소재 IT 전략 기획,채용 규모/특징: 소수. 지주사 전환 후 계열사 전산 총괄 역할,70,10423,dart
173,롯데글로벌로지스,,35733,유통·물류,중간,혼합,"물류 시스템(WMS/TMS) 운영, 인프라",채용 규모/특징: 수시/정기 공채. 택배 및 글로벌 물류 전산망 관리 핵심,,7000,research
174,LX하우시스,108670,35720,제조·모빌리티,,수시,"건자재 제조 IT, 전산 보안, ERP 운영",채용 규모/특징: 수시 채용. 본사 및 공장 IT 인프라 유지보수,2848,8906,dart
175,지역난방공사,071320,35703,공공,중간,정기,"공공 에너지 전산 운영, 정보보안, 인프라",채용 규모/특징: 정기 공채. 공기업 전산직. 순환 근무 및 안정적 처우,2189,8042,dart
176,셀트리온,068270,35573,바이오·헬스,,수시,"바이오 제조 IT, 스마트 팩토리, 전산 보안",채용 규모/특징: 수시 채용 활발. 송도 기반 바이오 전산 인프라 지속 확장,2901,9559,dart
177,삼양홀딩스,000070,35533,제조·모빌리티,소규모,,그룹 IT 통합 관리 및 전산 전략,채용 규모/특징: 소수. 식품/화학/의약 계열사 전산 거버넌스,578,7990,dart
178,오뚜기,007310,35391,기타,중간,혼합,"식품 유통 전산, 일반 전산 지원, ERP",채용 규모/특징: 수시/정기 공채. 보수적이지만 안정적인 전산 운영 업무,3460,4859,dart
179,동국제강,460860,35275,제조·모빌리티,,수시,"제철 공정 전산, 전산 인프라 보안",채용 규모/특징: 수시 채용. 공장 기반 MES 및 본사 IT 시스템 운영,2118,8756,dart
180,영원무역,111770,35178,기타,,수시,"글로벌 의류 OEM 전산, 해외 인프라 관리",채용 규모/특징: 수시 채용. 방글라데시/베트남 등 해외 법인 전산 지원,339,7395,dart
181,농심,004370,34387,기타,중간,혼합,"식품 제조 IT, 전산 시스템 운영, 보안",채용 규모/특징: 수시/정기 공채. 본사 전산직 채용 시 경쟁률 높음,5535,6151,dart
182,HD건설기계,267270,34381,건설·엔지니어링,중간,혼합,"건설장비 제조 전산, 글로벌 인프라",채용 규모/특징: 수시/정기 공채. HD현대 계열사 통합 전산망 내 실무,1166,10555,dart
183,DN오토모티브,007340,34345,제조·모빌리티,,수시,"공작기계/방진 제품 제조 전산, ERP",채용 규모/특징: 수시 채용. 제조업 기반의 안정적인 IT 인프라 지원,1703,4316,dart
184,SPC삼립,005610,34279,유통·물류,,수시,"제빵 유통 전산, 물류 시스템 운영",채용 규모/특징: 수시 채용. SPC그룹 내 유통망 전산 관리 및 지원,3056,5276,dart
185,삼지전자,037460,33597,기타,소규모,,"통신 장비 전산, 일반 전산 지원",채용 규모/특징: 소수. 통신 하드웨어 기반의 전산 유지보수,109,6381,dart
186,HD현대일렉트릭,267260,33223,기타,중간,혼합,"전력 설비 제조 IT, 스마트 팩토리 기획",채용 규모/특징: 수시/정기 공채. 수주 호황으로 인한 IT 시스템 확장 수요,2184,12653,dart
187,아이마켓코리아,122900,33183,기타,,수시,"B2B 플랫폼 운영, SCM 전산 인프라",채용 규모/특징: 수시 채용. 구매 대행 플랫폼 기반 전산 및 시스템 관리,411,6691,dart
188,그래디언트,035080,33179,기타,소규모,,(구 인터파크홀딩스) IT 전략 기획,채용 규모/특징: 소수. 사업 전환에 따른 신규 IT 시스템 기획,63,7011,dart
189,HS효성첨단소재,298050,33112,제조·모빌리티,,수시,"산업 자재 제조 IT, 전산 보안, 인프라",채용 규모/특징: 수시 채용. 효성그룹 분할 이후 자체 전산망 강화 중,1019,6964,dart
190,KG스틸,016380,33010,기타,,수시,"철강 생산 전산, ERP 관리, 보안",채용 규모/특징: 수시 채용. KG그룹 편입 이후 IT 시스템 고도화,1135,9156,dart
191,대한전선,001440,32913,기타,,수시,"제조 인프라 전산 운영, 네트워크 보안",채용 규모/특징: 수시 채용. 호반그룹 계열 전산직으로 안정적 근무,1141,6982,dart
192,이지홀딩스,035810,32850,기타,소규모,,그룹 IT 전략 및 축산/사료 전산 기획,채용 규모/특징: 소수. 지주사 성격. 계열사 통합 IT 운영 관리,142,7749,dart
193,LIG넥스원,079550,32763,기타,중간,혼합,"방산 IT 솔루션, 보안(극비), 전산 인프라",채용 규모/특징: 수시/정기 공채. 고숙련 보안 인력 및 시스템 운영진 선호,4789,9752,dart
194,CJ프레시웨이,051500,32248,기타,대규모,혼합,"급식/식자재 유통 전산, 물류 시스템",채용 규모/특징: 수시/정기 공채. 대규모 식자재 유입/유출 전산 관리,7780,3583,dart
195,넥센,005720,32143,기타,소규모,,그룹 IT 거버넌스 및 타이어 제조 전산,채용 규모/특징: 소수. 지주사 및 계열사 통합 전산 관리 지원,769,5578,dart
196,풀무원,017810,32137,기타,중간,혼합,"식품 제조 IT, 전산 보안, ERP 운영",채용 규모/특징: 수시/정기 공채. ESG 경영 기반 IT 시스템 기획 및 운영,528,6605,dart
197,오리온홀딩스,001800,31952,기타,극소수,,그룹 IT 전략 및 해외 법인 전산 감사,채용 규모/특징: 극소수. 지주사. 실무는 오리온(본체)에서 주로 채용,8,47675,dart
198,계룡건설산업,013580,31694,건설·엔지니어링,,수시,"건설 현장 전산, 본사 IT 지원, ERP",채용 규모/특징: 수시 채용. 대전 기반 대형 건설사 전산 운영,1820,7677,dart
199,교보증권,030610,31663,금융,중간,혼합,"금융 IT 시스템 운영, 트레이딩 보안",채용 규모/특징: 수시/정기 공채. 교보생명 계열의 안정적 금융 IT 환경,966,12784,dart
200,에코프로,086520,31279,제조·모빌리티,,수시,"이차전지 소재 제조 IT, 전산 인프라 관리",채용 규모/특징: 수시 채용 활발. 청주/포항 기반 공장 전산 및 보안 인력 급증,190,9425,dart
201,오리온,271560,31043,제조·모빌리티,소규모,수시,"전산 시스템 운영, 보안, ERP 관리",채용 규모/특징: 소수 수시 채용. 안정적인 식품 제조 전산 환경,1479,8794,dart
202,씨에스윈드,112610,30725,제조·모빌리티,소규모,,"글로벌 제조 IT 인프라, ERP 운영",채용 규모/특징: 소수. 풍력 타워 제조 기반 전산 관리,106,10192,dart
203,롯데카드,,30348,금융,중간,혼합,"금융 IT 운영, 보안, 데이터 분석",채용 규모/특징: 수시/정기 공채. 금융권 특유의 높은 IT 보안 요구,,11000,research
204,한진,002320,30155,유통·물류,중간,혼합,"물류 시스템 운영, 인프라 보안",채용 규모/특징: 수시/정기 공채. 택배 및 항만 물류 전산망 관리,1595,6216,dart
205,아이비케이투자증권,,30097,금융,,수시,"증권 전산 운영, 네트워크 보안",채용 규모/특징: 수시 채용. 기업은행 계열의 안정적 금융 IT,,12000,research
206,카카오뱅크,323410,29456,금융,대규모,수시,"뱅킹 시스템 운영, 인프라, 보안",채용 규모/특징: 대규모 수시 채용. 순수 IT 기반 은행으로 전산직 처우 최상,1663,11329,dart
207,코오롱글로벌,003070,29120,건설·엔지니어링,,수시,건설/유통 전산 시스템 운영,채용 규모/특징: 수시 채용. 건설 현장 전산 및 본사 ERP 지원,2048,6430,dart
208,에스에이엠티,031330,28895,기타,극소수,,"반도체 유통 IT, 전산 행정",채용 규모/특징: 극소수. 일반적인 중견기업 전산 업무,114,7875,dart
209,현대엘리베이터,017800,28853,제조·모빌리티,중간,혼합,"스마트 승강기 IT 시스템, ERP 운영",채용 규모/특징: 수시/정기 공채. 제조 및 서비스 인프라 전산 지원,2886,9774,dart
210,넥센타이어,002350,28479,제조·모빌리티,,수시,"제조 공정 IT, 전산 보안, 인프라",채용 규모/특징: 수시 채용. 양산/창녕 공장 및 본사 전산 운영,4255,7816,dart
211,효성화학,298000,28382,제조·모빌리티,소규모,수시,"화학 제조 IT, 인프라 운영",채용 규모/특징: 소수 수시 채용. 효성그룹 계열 공장 전산 지원,1269,7586,dart
212,한세예스24홀딩스,016450,28309,기타,극소수,,"지주사 IT 전략, 그룹 시스템 감사","채용 규모/특징: 극소수 (지주사). 실제 IT는 한세실업, 예스24 등에서 수행",36,9056,dart
213,에스원,012750,28047,기타,중간,정기,"보안 관제 IT, 전산 시스템 운영",채용 규모/특징: 정기 공채. 삼성 계열로 전산/보안 직무 수요 높음,6958,8142,dart
214,한화시스템,272210,28037,기타,대규모,정기,"ICT 부문 SI/SM, 방산 IT",채용 규모/특징: 대규모 공채. 한화그룹의 IT 전문 기업 (SI/SM 핵심),4751,9975,dart
215,대한유화,006650,28001,기타,소규모,수시,"석유화학 공정 전산, 전산 인프라 보안",채용 규모/특징: 소수 수시 채용. 울산 기반 고연봉 전산직,870,9595,dart
216,롯데렌탈,089860,27924,기타,대규모,수시,"렌탈 시스템 운영, 전산 인프라 관리",채용 규모/특징: 수시 채용. 오토렌탈 등 대규모 고객 시스템 운영,1302,7314,dart
217,영풍,000670,27874,제조·모빌리티,소규모,,"제련 공정 IT, 전산 유지보수",채용 규모/특징: 소수. 봉화 공장 및 본사 전산 지원,738,5775,dart
218,에코프로비엠,247540,27668,기타,,수시,"소재 제조 IT, 전산 인프라 및 보안",채용 규모/특징: 수시 채용 활발. 2차전지 급성장에 따른 IT 조직 확장 중,1219,6263,dart
219,신영증권,001720,27643,금융,소규모,혼합,"증권 IT 시스템, 정보보안, 인프라",채용 규모/특징: 소수 정기/수시. 알짜 증권사로 전산직 처우 매우 우수,649,12213,dart
220,유안타증권,003470,27127,금융,중간,혼합,"증권 전산 운영, 리스크 관리 시스템",채용 규모/특징: 수시/정기 공채. 범중화권 네트워크 연동 전산 관리,1744,11957,dart
221,크래프톤,259960,27098,IT·플랫폼,,수시,"게임 인프라 운영, 전산 시스템 보안","채용 규모/특징: 수시 채용 활발. 테크 중심 문화, 전산 인프라 직군 대우 우수",1903,9614,dart
222,태영건설,009410,26862,건설·엔지니어링,소규모,,"건설 ERP 운영, 현장 전산 지원",채용 규모/특징: 소수 (유동적). 현재 기업 개선 절차 중으로 채용 제한적,1309,9014,dart
223,삼양사,145990,26718,기타,중간,혼합,"식품/화학 전산, ERP 운영, 인프라",채용 규모/특징: 정기 공채/수시. 삼양홀딩스 계열의 실무 전산 운영,1263,8918,dart
224,넷마블,251270,26638,IT·플랫폼,중간,혼합,"게임 서비스 운영, IT 인프라, 보안",채용 규모/특징: 수시/정기 공채. 퍼블리싱 및 게임 전산 시스템 전문성 요구,752,8057,dart
225,현대케피코,,26430,제조·모빌리티,,수시,"전장 제어 전산, 스마트 팩토리, ERP",채용 규모/특징: 수시 채용. 현대차 계열 부품사로 제조 IT 비중 높음,,9000,research
226,사조대림,003960,26430,기타,소규모,,"식품 유통 전산, 일반 전산 지원",채용 규모/특징: 소수. 계열사 통합 전산 관리 지원,831,6130,dart
227,하이트진로,000080,25992,기타,중간,혼합,"주류 생산/유통 IT, 전산 보안, ERP",채용 규모/특징: 정기 공채/수시. 보수적이지만 매우 안정적인 전산 환경,3037,11540,dart
228,서진오토모티브,122690,25891,제조·모빌리티,극소수,,"자동차 부품 전산, 일반 전산 유지보수",채용 규모/특징: 극소수. 제조업 기반의 기본 전산 관리 업무,293,8118,dart
229,하이트진로홀딩스,000140,25851,기타,극소수,,그룹 IT 전략 수립 (지주사),채용 규모/특징: 극소수. 지주사 성격. 실제 운영은 하이트진로 중심,14,19207,dart
230,한화투자증권,003530,24958,금융,중간,혼합,"증권 IT 서비스 운영, 전산 인프라","채용 규모/특징: 수시/정기 공채. 핀테크 투자 활발, 전산직 위상 강화 중",1043,6267,dart
231,디엘건설,001880,24692,건설·엔지니어링,,수시,"건설 현장 전산, 본사 IT 시스템 관리",채용 규모/특징: 수시 채용. DL그룹 계열 건설 IT 운영,1665,9365,dart
232,NHN,181710,24561,IT·플랫폼,대규모,혼합,"클라우드 운영, 서비스 전산, 보안",채용 규모/특징: 대규모 수시/공채. 기술 전문 기업으로 클라우드/전산 직무 다양,893,8523,dart
233,한국콜마,161890,24521,제조·모빌리티,대규모,수시,"화장품 제조 IT, ERP 운영, 보안",채용 규모/특징: 수시 채용. ODM 제조 기반의 대규모 데이터 관리,1304,6336,dart
234,세메스,,24450,제조·모빌리티,중간,혼합,"반도체 장비 제조 IT, 스마트 팩토리",채용 규모/특징: 수시/정기 공채. 삼성전자 자회사. 최첨단 제조 전산 환경,,10000,research
235,풀무원식품,103160,24337,기타,,수시,"식품 유통 전산, SCM 시스템 운영",채용 규모/특징: 수시 채용. 풀무원 계열 실무 전산 지원 핵심,801,5857,dart
236,롯데하이마트,071840,23567,유통·물류,중간,혼합,"유통 전산 인프라, 점포 POS 관리",채용 규모/특징: 수시/정기 공채. 가전 유통 특화 전산 시스템 운영,4001,4788,dart
237,SGC에너지,005090,23550,에너지,소규모,,"에너지 발전 전산, 전산 보안, 인프라",채용 규모/특징: 소수. 군산 기반 에너지 기업의 안정적 전산직,233,8983,dart
238,케이카,381970,23015,유통·물류,,수시,"이커머스 플랫폼 운영, 전산 인프라",채용 규모/특징: 수시 채용. 중고차 거래 전산 시스템 및 물류 IT,1127,6736,dart
239,효성,004800,22728,기타,극소수,,"그룹 IT 전략, 거버넌스 관리 (지주사)",채용 규모/특징: 극소수. 실제 운영은 효성ITX 등에서 주도,580,10660,dart
240,엘티,,22718,제조·모빌리티,소규모,,그룹 IT 전략 및 제조 전산 기획,채용 규모/특징: 소수. 구 희성그룹 계열. 제조 전산 시스템 관리,,8000,research
241,현대그린푸드,453340,22704,유통·물류,,수시,"식품 유통 전산, 단체급식 IT 시스템",채용 규모/특징: 수시 채용. 현대백화점 그룹 계열 유통 IT 지원,6446,4500,dart
242,코오롱모빌리티그룹,450140,22580,기타,소규모,수시,"수입차 유통 전산, 인프라 보안",채용 규모/특징: 소수 수시 채용. 신설 법인으로 자체 전산 조직 강화 중,164,7371,dart
243,하이브,352820,22556,기타,,수시,"플랫폼(Weverse) 인프라, 전산 보안",채용 규모/특징: 수시 채용 활발. 엔터 테크 기반의 전산/인프라 채용 활발,823,10423,dart
244,에코플라스틱,038110,22551,제조·모빌리티,극소수,,"자동차 부품 전산, 일반 전산 지원",채용 규모/특징: 극소수. 경주 기반 제조 전산 유지보수 업무,633,9365,dart
245,한일홀딩스,003300,22487,기타,소규모,,시멘트/제조 IT 전략 및 보안 관리,채용 규모/특징: 소수 (지주사). 그룹사 전산 표준화 및 인프라 기획,23,9257,dart
246,해성산업,034810,22204,기타,극소수,,그룹 IT 전략 및 일반 전산 지원,채용 규모/특징: 극소수. 지주사 성격. 계열사 전산 지원 역할,25,8112,dart
247,한솔제지,213500,22158,제조·모빌리티,중간,혼합,"제지 제조 전산, ERP 운영, 인프라 보안",채용 규모/특징: 정기 공채/수시. 한솔그룹 핵심 제조 전산 운영,1685,7553,dart
248,OCI,456040,22153,기타,중간,혼합,"화학 제조 IT, 글로벌 전산망 관리",채용 규모/특징: 수시/정기 공채. 인적분할 이후 자체 전산 시스템 고도화 중,3220,4826,dart
249,녹십자홀딩스,005250,22049,기타,소규모,,그룹 IT 전략 및 제약 전산 가이드,채용 규모/특징: 소수 (지주사). 실제 IT는 GC 계열사 및 IT팀에서 수행,155,10533,dart
250,컬리,,21956,기타,,수시,"이커머스 운영, 물류 IT 인프라, 보안",채용 규모/특징: 수시 채용 활발. 전산/인프라/네트워크 실무직 상시 채용,,8000,research
251,매일홀딩스,005990,21902,기타,소규모,,그룹 IT 전략 및 유통 전산 기획,채용 규모/특징: 소수 (지주사). 매일유업 등 계열사 전산 거버넌스 관리,42,9912,dart
252,두산건설,011160,21753,건설·엔지니어링,,수시,"건설 ERP 운영, 본사 전산 인프라 지원",채용 규모/특징: 수시 채용. 건설 전산 시스템 유지보수 업무,1229,7834,dart
253,도이치모터스,067990,21684,유통·물류,소규모,,"유통 전산 시스템 운영, ERP 관리",채용 규모/특징: 소수. 수입차 유통 및 서비스 센터 전산 지원,1313,4692,dart
254,코스맥스,192820,21661,제조·모빌리티,,수시,"화장품 제조 전산, ERP 운영, 보안",채용 규모/특징: 수시 채용. 글로벌 생산 거점 전산 연동 관리,1528,7841,dart
255,동국씨엠,460850,21638,기타,,수시,"제철 공정 전산, 전산 인프라 보안",채용 규모/특징: 수시 채용. 동국제강에서 분할된 컬러강판 전문 IT,1475,8101,dart
256,이마트24,,21631,유통·물류,중간,혼합,"편의점 전산 시스템, 인프라 보안",채용 규모/특징: 수시/정기 공채. 유통 점포망 및 결제 전산 지원,,6000,research
257,SK실트론,,21268,제조·모빌리티,중간,혼합,"웨이퍼 제조 IT, 스마트 팩토리, 보안",채용 규모/특징: 수시/정기 공채. 반도체 소재 특화 고도화 전산 환경,,10000,research
258,태광산업,003240,21219,제조·모빌리티,소규모,,"섬유/석유화학 전산, 일반 전산 지원",채용 규모/특징: 소수. 보수적이지만 매우 안정적인 제조 전산,796,9096,dart
259,이노션,214320,21206,기타,중간,혼합,"마케팅 데이터 인프라, 전산 보안",채용 규모/특징: 수시/정기 공채. 현대차 계열 광고 대행사 IT 인프라 관리,946,9363,dart
260,유한양행,000100,20678,바이오·헬스,중간,혼합,"제약 전산 시스템, ERP 운영, 보안","채용 규모/특징: 정기 공채/수시. 안정성 최상, 제약 전산 인프라 관리",2117,9634,dart
261,세방전지,004490,20595,제조·모빌리티,소규모,,"제조 공정 IT, 일반 전산 유지보수",채용 규모/특징: 소수. 로케트 배터리 제조 기반 전산 지원,1295,9743,dart
262,아이엠증권,,20576,금융,중간,혼합,"증권 전산 운영, 트레이딩 보안",채용 규모/특징: 수시/정기 공채. (구 하이투자증권) DGB금융 계열 전산,,10000,research
263,에스에프에이,056190,20454,제조·모빌리티,,수시,"자동화 설비 전산, 스마트 팩토리 SW",채용 규모/특징: 수시 채용. 디스플레이/반도체 설비 전산 인프라,762,7421,dart
264,세아베스틸,,20249,제조·모빌리티,중간,혼합,"특수강 공정 전산, 전산 보안, 인프라",채용 규모/특징: 수시/정기 공채. 공장 현장 중심의 실무 전산직 수요,,9000,research
265,아세아,002030,20074,기타,극소수,,그룹 IT 전략 및 제조 전산 지원,채용 규모/특징: 극소수. 지주사. 시멘트/제지 계열 전산 기획,10,10985,dart
266,에스케이쉴더스,,20047,기타,,수시,"보안 관제, IT 인프라, 전산 운영",채용 규모/특징: 수시 채용 활발. 물리/정보보안 융합 IT 실무 중심,,7000,research
267,동국홀딩스,001230,19994,기타,극소수,,그룹 IT 전략 및 거버넌스 관리,채용 규모/특징: 극소수. 지주사 성격. 계열사 전산 정책 수립,41,9029,dart
268,CJ CGV,079160,19579,기타,,수시,"극장 시스템 운영, 전산 인프라 보안",채용 규모/특징: 수시 채용. 티켓팅 및 멀티플렉스 통합 전산망 관리,4313,1359,dart
269,LF,093050,19563,기타,중간,혼합,"패션 유통 IT, 이커머스 운영, 보안",채용 규모/특징: 수시/정기 공채. 라이프스타일 브랜드 통합 전산망 운영,963,8097,dart
270,비바리퍼블리카,,19556,기타,대규모,수시,"핀테크 인프라 운영, 전산 보안, 엔지니어링",채용 규모/특징: 대규모 수시 채용. 토스(Toss). 컴공 전공자 선호도 최상,,10000,research
271,대웅,003090,19369,바이오·헬스,소규모,,그룹 IT 전략 및 제약 전산 감사,채용 규모/특징: 소수 (지주사). 대웅제약 등 계열사 IT 거버넌스,349,7481,dart
272,제주항공,089590,19358,기타,,수시,"항공 전산 시스템, 예약 인프라 보안",채용 규모/특징: 수시 채용. LCC 특화 항공 IT 운영 및 유지보수,3205,6883,dart
273,LS네트웍스,000680,19338,유통·물류,소규모,,"유통 전산 시스템 운영, ERP 관리",채용 규모/특징: 소수. 프로스펙스 등 브랜드 유통 전산 지원,192,5982,dart
274,이수화학,005950,19162,제조·모빌리티,소규모,수시,"화학 공정 IT, 전산 보안 및 인프라",채용 규모/특징: 소수 수시 채용. 제조업 기반의 안정적인 전산직 운영,307,9368,dart
275,금호건설,002990,19142,건설·엔지니어링,중간,혼합,"건설 ERP 운영, 본사 전산 인프라",채용 규모/특징: 수시/정기 공채. 현장 네트워크 지원 및 본사 IT 관리,1237,7877,dart
276,한샘,009240,19084,유통·물류,대규모,수시,"홈 인테리어 유통 IT, ERP 운영, 보안",채용 규모/특징: 수시 채용. 대규모 대리점망 및 물류 전산 지원,2041,5703,dart
277,엘앤에프,066970,19075,제조·모빌리티,,수시,"이차전지 소재 제조 IT, 전산 인프라",채용 규모/특징: 수시 채용 활발. 대구 기반 급성장 제조 전산직 수요,1643,5542,dart
278,SK스퀘어,402340,19066,기타,극소수,,"투자 포트폴리오 IT 가치 평가, 전략",채용 규모/특징: 극소수. 투자 전문 회사로 IT 전략 기획 위주,88,28789,dart
279,케이씨씨글라스,344820,19033,기타,,수시,"제조 전산 인프라 운영, ERP 유지보수",채용 규모/특징: 수시 채용. KCC에서 분할된 유리/인테리어 전산직,1966,7184,dart
280,F&F 홀딩스,007700,18983,기타,소규모,,그룹 IT 전략 및 패션 전산 기획,채용 규모/특징: 소수 (지주사). 계열사 전산 인프라 통합 관리,8,9663,dart
281,F&F,383220,18960,기타,,수시,"글로벌 패션 전산 운영, 이커머스 인프라","채용 규모/특징: 수시 채용. 디스커버리, MLB 등 글로벌 전산망 관리",679,7715,dart
282,HJ중공업,097230,18860,제조·모빌리티,,수시,"조선/건설 공정 전산, 전산 보안",채용 규모/특징: 수시 채용. 구 한진중공업. 인프라 운영 및 지원,2069,8032,dart
283,디와이덕양,024900,18833,에너지,소규모,,"수소/가스 제조 IT, 일반 전산 지원",채용 규모/특징: 소수. 울산 기반 가스 제조 전산 유지보수,877,9195,dart
284,현대리바트,079430,18707,유통·물류,,수시,"가구 유통 IT 시스템, 전산 인프라 관리",채용 규모/특징: 수시 채용. 현대백화점 그룹 계열 가구 전산 지원,828,6731,dart
285,화승인더스트리,006060,18677,제조·모빌리티,소규모,,"글로벌 제조 IT 인프라, ERP 운영",채용 규모/특징: 소수. 베트남 등 해외 공장 전산 연동 관리,34,6782,dart
286,LX세미콘,108320,18656,기타,중간,혼합,"반도체 설계 IT 인프라, 보안, 서버 관리",채용 규모/특징: 수시/정기 공채. 팹리스 기반 고도의 IT 인프라 운영,1460,10334,dart
287,KCC건설,021320,18270,건설·엔지니어링,,수시,"건설 현장 전산, 본사 IT 시스템 운영",채용 규모/특징: 수시 채용. 전통적인 건설 전산 업무 수행,1133,7054,dart
288,SNT홀딩스,036530,18205,기타,극소수,,그룹 IT 전략 및 방산/제조 전산 기획,채용 규모/특징: 극소수. 지주사 성격. 계열사 전산 보안 관리,10,13500,dart
289,SJG세종,033530,18166,제조·모빌리티,소규모,,"자동차 부품 제조 IT, ERP 운영",채용 규모/특징: 소수. 세종공업 기반 자동차 부품 전산 지원,616,10032,dart
290,매일유업,267980,18114,기타,중간,혼합,"식품 제조/유통 IT 시스템, 보안, ERP",채용 규모/특징: 수시/정기 공채. 안정적인 소비재 전산 운영 직무,1955,7834,dart
291,세아제강,306200,18094,제조·모빌리티,,수시,"강관 제조 전산, 전산 인프라 보안",채용 규모/특징: 수시 채용. 철강 제조업 특화 전산 유지보수,796,8697,dart
292,일진홀딩스,015860,18000,기타,극소수,,그룹 IT 전략 및 제조 전산 가이드,채용 규모/특징: 극소수. 일진그룹 지주사. 계열사 전산 거버넌스,19,9942,dart
293,한세실업,105630,17978,기타,,수시,"글로벌 의류 OEM 전산, 해외 인프라",채용 규모/특징: 수시 채용. 해외 법인 비중이 높은 전산 운영직,443,7740,dart
294,현대차증권,001500,17956,금융,중간,혼합,"증권 전산 운영, 트레이딩 시스템 관리",채용 규모/특징: 수시/정기 공채. 현대차그룹 계열 금융 전산의 안정성,898,11689,dart
295,경동도시가스,267290,17919,에너지,소규모,수시,"도시가스 IT 운영, 전산 보안, 인프라",채용 규모/특징: 소수 수시 채용. 울산 기반 에너지 기업의 안정적 전산,297,9996,dart
296,엠에스오토텍,123040,17775,제조·모빌리티,소규모,,"자동차 부품 전산, 스마트 팩토리 기획",채용 규모/특징: 소수. 명신 계열의 자동차 제조 IT 지원,16,12412,dart
297,우리금융캐피탈,033660,17590,금융,,수시,"금융 IT 시스템 운영, 인프라 보안",채용 규모/특징: 수시 채용. 우리금융그룹 계열 여신 전산 관리,545,9398,dart
298,파주에너지서비스,,17570,에너지,극소수,,"발전소 IT 운영, 일반 전산 지원",채용 규모/특징: 극소수. SK E&S 계열의 안정적 전산직,,11000,research
299,비에이치,090460,17544,제조·모빌리티,,수시,"PCB 제조 IT, 전산 인프라 보안",채용 규모/특징: 수시 채용. 애플 공급망 기반 제조 전산 운영,1414,4955,dart
300,대한해운,005880,17472,기타,소규모,,"해운 전산 시스템, 선박 IT 인프라 지원",채용 규모/특징: 소수. SM그룹 계열 해운 전산 관리 업무,196,8724,dart
301,HD현대마린솔루션,443060,17455,기타,소규모,수시,"선박 AS 전산 시스템, 데이터 분석, 인프라",채용 규모/특징: 소수 수시 채용. 상장 이후 IT 조직 및 데이터 기반 서비스 강화 중,537,13219,dart
302,한일시멘트,300720,17417,제조·모빌리티,소규모,혼합,"전산 시스템 운영, 보안, ERP 관리",채용 규모/특징: 소수 정기/수시. 안정적인 제조업 전산 유지보수 업무,683,9330,dart
303,고려제강,002240,17396,제조·모빌리티,소규모,수시,"제조 공정 IT, 일반 전산 지원, 보안",채용 규모/특징: 소수 수시 채용. 전통 제조업 기반의 안정적인 전산 환경,835,6670,dart
304,SK케미칼,285130,17368,기타,중간,혼합,"석유화학/바이오 IT 인프라, 전산 보안, ERP","채용 규모/특징: 수시/공채. 판교 본사 위주 근무, IT 기획 및 운영 비중 높음",1466,8520,dart
305,삼양식품,003230,17280,기타,중간,혼합,"식품 유통 전산, 해외 법인 인프라, 보안",채용 규모/특징: 수시/정기 공채. 불닭볶음면 글로벌 흥행으로 인한 해외 IT망 확장,2390,5424,dart
306,가온전선,000500,17271,제조·모빌리티,소규모,,"제조 인프라 전산 운영, 일반 전산 지원",채용 규모/특징: 소수. LS 계열사로 안정적인 제조업 전산직,484,7288,dart
307,SKC,011790,17216,기타,,수시,"소재 제조 IT 전략, 전산 보안, 인프라 운영",채용 규모/특징: 수시 채용. SK그룹 계열의 높은 처우 및 DX 추진 인력 필요,178,12804,dart
308,화신,010690,17123,제조·모빌리티,,수시,"자동차 부품 전산, 스마트 팩토리, ERP",채용 규모/특징: 수시 채용. 경북 지역 기반 자동차 부품사 전산 지원,1028,8184,dart
309,서울도시가스,017390,17038,에너지,소규모,,"에너지 관리 전산, 보안, 모바일 앱 인프라","채용 규모/특징: 소수. 안정성 최상, 가스 요금 및 검침 시스템 운영",510,11531,dart
310,쌍용씨앤이,003410,16957,제조·모빌리티,,수시,"시멘트 공정 전산, 전산 인프라 보안",채용 규모/특징: 수시 채용. 구 쌍용양회. 제조업 기반의 전형적 전산직,1157,9546,dart
311,동부건설,005960,16884,건설·엔지니어링,소규모,수시,"건설 ERP 운영, 본사/현장 전산 지원",채용 규모/특징: 소수 수시 채용. 건설 현장 네트워크 및 시스템 유지보수,1138,7736,dart
312,선진,136490,16814,유통·물류,소규모,,"축산 유통 전산, SCM 시스템 운영",채용 규모/특징: 소수. 하림 계열의 스마트 축산 IT 인프라 관리,434,6204,dart
313,녹십자,006280,16799,바이오·헬스,중간,혼합,"제약 전산 시스템, ERP 운영, 정보보안",채용 규모/특징: 수시/정기 공채. 제약 인프라 특화 전산직(CSV 등) 수요 존재,2355,7263,dart
314,롯데정밀화학,004000,16705,제조·모빌리티,,수시,"화학 공정 IT, 전산 인프라 보안, ERP",채용 규모/특징: 수시 채용. 울산 기반 고연봉 정밀화학 전산 운영직,958,11051,dart
315,LS증권,078020,16537,금융,중간,혼합,"증권 IT 시스템 운영, 트레이딩 보안",채용 규모/특징: 수시/정기 공채. (구 이베스트투자증권) LS그룹 편입 후 IT 투자 확대,567,11534,dart
316,유진증권,001200,16526,금융,중간,혼합,"증권 전산 운영, 리스크 관리 시스템",채용 규모/특징: 수시/정기 공채. 보수적이지만 탄탄한 금융 전산 직무,811,11672,dart
317,지에스이피에스,,16433,에너지,소규모,,"에너지 발전 전산, 전산 보안, 인프라","채용 규모/특징: 소수. 발전소 기반 고연봉, 소수 정예 전산 조직",,12000,research
318,애경케미칼,161000,16422,제조·모빌리티,소규모,수시,"화학 제조 IT, ERP 운영, 전산 보안",채용 규모/특징: 소수 수시 채용. 제조업 기반의 안정적인 IT 인프라 지원,740,7307,dart
319,광동제약,009290,16407,바이오·헬스,,수시,"제약/유통 전산 시스템, 일반 전산 지원",채용 규모/특징: 수시 채용. 영업 지원 및 사내 전산 시스템 유지보수,1072,7354,dart
320,에이치엘클레무브,,16306,제조·모빌리티,,수시,"자율주행 SW 인프라, 제조 전산 보안",채용 규모/특징: 수시 채용 활발. 기술 중심 부품사로 IT/인프라 인력 중요도 높음,,9000,research
321,화승엔터프라이즈,241590,16096,기타,소규모,,"글로벌 제조 IT 인프라, ERP 운영",채용 규모/특징: 소수. 해외 법인(베트남 등) 연동 전산망 관리,5,5300,dart
322,솔루엠,248070,15944,기타,,수시,"전자부품 전산 인프라, ESL 시스템 관리",채용 규모/특징: 수시 채용. 전산 지원 및 서버 인프라 관리 중심,468,7757,dart
323,엔브이에이치코리아,067570,15874,제조·모빌리티,극소수,,"자동차 부품 제조 전산, 일반 전산 지원",채용 규모/특징: 극소수. 울산 기반 중견 부품사 전산 유지보수,288,8492,dart
324,종근당,185750,15864,바이오·헬스,중간,혼합,"제약 전산 시스템, ERP 운영, 보안",채용 규모/특징: 정기 공채/수시. 안정적인 업무 환경의 제약 전산직,2336,8177,dart
325,HL D&I,014790,15788,건설·엔지니어링,,수시,"건설 전산 인프라, 본사 ERP 운영",채용 규모/특징: 수시 채용. (구 한라) 건설 현장 및 사내 전산 지원,1152,8371,dart
326,자이에스앤디,317400,15782,건설·엔지니어링,,수시,"스마트 홈 IT 시스템 운영, 보안",채용 규모/특징: 수시 채용. GS건설 계열의 빌딩/주택 전산 관리,1849,4276,dart
327,엔씨소프트,036570,15781,IT·플랫폼,대규모,혼합,"게임 인프라 운영, 전산 보안, 플랫폼",채용 규모/특징: 대규모 수시/공채. 테크 리더 기업으로 전산/보안 직군 대우 우수,3832,10797,dart
328,일진전기,103590,15772,제조·모빌리티,소규모,수시,"전력 기기 제조 IT, 전산 인프라 운영",채용 규모/특징: 소수 수시 채용. 제조업 기반의 안정적인 전산실 업무,1011,5390,dart
329,팜스코,036580,15746,유통·물류,소규모,수시,"사료/유통 전산 시스템, ERP 관리",채용 규모/특징: 소수 수시 채용. 하림 계열의 유통 전산 및 인프라 지원,500,7026,dart
330,명신산업,009900,15738,제조·모빌리티,소규모,,"자동차 차체 제조 전산, 스마트 팩토리",채용 규모/특징: 소수. 테슬라 공급망 기반의 제조 전산 환경,151,8089,dart
331,삼보모터스,053700,15706,제조·모빌리티,극소수,,"자동차 부품 제조 전산, 일반 전산 지원",채용 규모/특징: 극소수. 대구 기반 부품사 전산 유지보수 업무,808,4930,dart
332,한국무브넥스,010100,15674,기타,소규모,,자동차 부품 전산 시스템 운영,채용 규모/특징: 소수. (구 한국프랜지) 일반적인 전산 관리직,508,11055,dart
333,한전KPS,051600,15571,공공,중간,정기,"발전소 ICT 설비 유지보수, 보안, 전산",채용 규모/특징: 정기 공채. 공기업 전산/통신직. 전국 발전소 순환 근무,6579,8204,dart
334,에스케이렌터카,068400,15565,기타,,수시,"렌탈 전산 플랫폼 운영, 인프라 보안",채용 규모/특징: 수시 채용. 모빌리티 서비스 기반 전산 시스템 운영,636,9695,dart
335,티웨이항공,091810,15368,기타,,수시,"항공 전산 시스템, 예약 인프라 보안",채용 규모/특징: 수시 채용. LCC 성장에 따른 항공 IT 인력 상시 필요,3805,6483,dart
336,GS파워,,15353,에너지,소규모,수시,"발전/집단에너지 전산, 보안, 인프라",채용 규모/특징: 소수 수시 채용. 안양/부천 기반 고연봉 에너지 전산직,,11000,research
337,신세계푸드,031440,15348,유통·물류,중간,혼합,"식품 제조/유통 전산, SCM 시스템 운영",채용 규모/특징: 수시/정기 공채. 신세계 계열 유통망 연동 전산 지원,3393,5251,dart
338,남해화학,025860,15191,제조·모빌리티,소규모,,"비료 공정 전산, 전산 인프라 보안",채용 규모/특징: 소수. 농협 계열사로 매우 안정적인 전산 환경,629,8597,dart
339,아이에스동서,010780,15146,건설·엔지니어링,,수시,"건설/제조 ERP 운영, 전산 보안",채용 규모/특징: 수시 채용. 본사 및 건설 현장 IT 인프라 관리,515,8211,dart
340,한국단자공업,025540,15098,제조·모빌리티,소규모,,"전자/자동차 부품 제조 전산, 보안",채용 규모/특징: 소수. 커넥터 제조 기반의 탄탄한 전산 시스템,1160,7393,dart
341,신성통상,005390,15079,유통·물류,,수시,"패션 유통 전산(탑텐 등), ERP 운영",채용 규모/특징: 수시 채용. 유통/물류 중심 전산 시스템 관리,1105,5220,dart
342,세아창원특수강,,14966,제조·모빌리티,,수시,"제강 공정 전산, 전산 인프라 보안",채용 규모/특징: 수시 채용. 세아그룹 계열 창원 공장 전산 지원,,9000,research
343,한미약품,128940,14955,바이오·헬스,중간,혼합,"제약 IT 플랫폼, 전산 보안, ERP 운영",채용 규모/특징: 수시/정기 공채. 제약 업계 내 IT 기술 투자가 활발한 편,2388,7864,dart
344,한신공영,004960,14904,건설·엔지니어링,소규모,,"건설 ERP 운영, 본사 전산 인프라 지원",채용 규모/특징: 소수. 전형적인 건설업계 전산 유지보수 업무,909,7833,dart
345,파트론,091700,14864,제조·모빌리티,극소수,,"전자부품 제조 전산, 일반 전산 지원",채용 규모/특징: 극소수. 안산 기반 중견 부품사 전산 유지보수,549,5928,dart
346,한섬,020000,14853,유통·물류,중간,혼합,"패션 유통 IT, 이커머스 운영, 보안",채용 규모/특징: 수시/정기 공채. 현대백화점 그룹 패션 전산 전문 운영,1589,7460,dart
347,대성산업,128820,14768,에너지,소규모,,"에너지/기계 전산 운영, 일반 전산 지원",채용 규모/특징: 소수. 에너지 사업 기반의 안정적인 전산직,358,5320,dart
348,지에스이앤알,,14764,에너지,소규모,,"발전/풍력 전산 시스템 운영, 보안",채용 규모/특징: 소수. GS그룹 에너지 부문의 고연봉 전산직,,10000,research
349,서희건설,035890,14736,건설·엔지니어링,,수시,"건설 ERP 운영, 본사/현장 전산 지원",채용 규모/특징: 수시 채용. 건설 현장 전산 인프라 상시 유지보수,723,7662,dart
350,포스코DX,022100,14733,IT·플랫폼,대규모,혼합,"SI/SM, 스마트 팩토리, 클라우드 운영","채용 규모/특징: 대규모 수시/공채. 포스코그룹 IT 전담사, 전산 전공자 다수 채용",2200,9877,dart
351,빙그레,005180,14630,기타,소규모,혼합,"식품 유통 전산, 인프라 보안, ERP 운영",채용 규모/특징: 소수 정기/수시. 안정적이고 보수적인 식품 전산 환경,1822,6971,dart
352,진에어,272450,14613,기타,,수시,"항공 전산 시스템, 예약 인프라 보안",채용 규모/특징: 수시 채용. 대한항공 그룹 계열 항공 전산 지원,2284,6859,dart
353,팜스토리,027710,14539,기타,극소수,,"축산/사료 전산 시스템, 일반 전산 지원",채용 규모/특징: 극소수. 이지홀딩스 계열 실무 전산 유지보수,423,6436,dart
354,다올투자증권,030210,14426,금융,,수시,"증권 전산 운영, 트레이딩 보안, 인프라",채용 규모/특징: 수시 채용. 증권업계 중급 규모 전산 조직 운영,342,13953,dart
355,강원랜드,035250,14269,기타,중간,정기,"카지노/리조트 전산 운영, 전산 보안",채용 규모/특징: 정기 공채. 공공기관. 보안 및 시스템 안정성 최우선,4930,6157,dart
356,대웅제약,069620,14227,바이오·헬스,중간,혼합,"제약 전산, DX 기획, ERP 운영, 보안",채용 규모/특징: 수시/정기 공채. '스마트 워크' 기반의 IT 친화적 문화,1757,7637,dart
357,대동,000490,14156,제조·모빌리티,,수시,"농기계 제조 IT, 스마트 팩토리 기획","채용 규모/특징: 수시 채용. 국내 농기계 1위, 제조 전산 고도화 추진 중",1022,9230,dart
358,동진쎄미켐,005290,14081,제조·모빌리티,,수시,"소재 제조 전산, MES 운영, 보안",채용 규모/특징: 수시 채용. 반도체 소재 기업으로 탄탄한 제조 전산 조직,1450,7731,dart
359,코리아써키트,007810,14070,제조·모빌리티,소규모,,"PCB 제조 전산, 일반 전산 지원",채용 규모/특징: 소수. 영풍그룹 계열 안산 소재 제조 전산직,1173,5680,dart
360,유진기업,023410,13933,기타,소규모,,"건자재 전산 시스템, ERP 운영, 인프라",채용 규모/특징: 소수. 유진그룹 핵심 계열사 전산 운영,662,7659,dart
361,한국앤컴퍼니,000240,13910,기타,소규모,,"그룹 IT 전략, 데이터 거버넌스 관리",채용 규모/특징: 소수 (지주사). 한국타이어 그룹 지주사 IT 기획 업무,1173,8072,dart
362,무림페이퍼,009200,13844,제조·모빌리티,소규모,,"제지 제조 전산, 일반 전산 지원",채용 규모/특징: 소수. 진주 공장 및 본사 전산 유지보수 업무,445,9343,dart
363,대한제분,001130,13747,기타,소규모,,"식품 제조 전산, ERP 운영, 인프라","채용 규모/특징: 소수. '곰표' 브랜드, 안정적인 전산 운영",399,7695,dart
364,대한제당,001790,13738,기타,소규모,,"식품/사료 전산 시스템, 보안, ERP",채용 규모/특징: 소수. 보수적이지만 탄탄한 전산 기반 운영,322,6511,dart
365,세방,004360,13734,유통·물류,,수시,"물류 시스템 운영, 항만 전산 인프라 지원",채용 규모/특징: 수시 채용. 종합물류 인프라 전산 유지보수 핵심,816,6902,dart
366,HL홀딩스,060980,13711,기타,소규모,,그룹 IT 전략 및 유통 전산 거버넌스,채용 규모/특징: 소수 (지주사). HL그룹(구 한라) 전산 정책 수립 및 관리,299,9774,dart
367,대원강업,000430,13676,기타,극소수,,"자동차 부품 전산, 일반 전산 지원","채용 규모/특징: 극소수. 현대차 1차 협력사, 안정적인 전산직",697,9135,dart
368,KG이니시스,035600,13543,기타,,수시,"결제 시스템(PG) 운영, 전산 보안, 서버","채용 규모/특징: 수시 채용 활발. IT 결제 전문 기업, 전산 인프라 비중 매우 높음",226,5005,dart
369,경동나비엔,009450,13539,기타,,수시,"제조 공정 IT, 스마트 홈 시스템 보안",채용 규모/특징: 수시 채용. 글로벌 수출 확대에 따른 IT 시스템 확장 중,1745,6118,dart
370,대창,012800,13369,제조·모빌리티,극소수,,"비철금속 제조 전산, 일반 전산 지원",채용 규모/특징: 극소수. 시흥 기반 제조업 전산 유지보수,334,6788,dart
371,동원시스템즈,014820,13343,제조·모빌리티,소규모,수시,"소재/패키징 제조 IT, ERP 운영",채용 규모/특징: 소수 수시 채용. 동원그룹 제조 부문 IT 인프라 지원,1705,6898,dart
372,동아쏘시오홀딩스,000640,13332,바이오·헬스,소규모,,그룹 IT 전략 및 제약 전산 감사,채용 규모/특징: 소수 (지주사). 동아제약 등 계열사 IT 거버넌스 관리,82,13039,dart
373,DB증권,016610,13185,금융,중간,혼합,"증권 전산 운영, 트레이딩 보안",채용 규모/특징: 수시/정기 공채. DB그룹 금융 부문 안정적인 전산직,792,12549,dart
374,오스템임플란트,048260,13155,바이오·헬스,대규모,수시,"덴탈 플랫폼 운영, 전산 보안, 인프라",채용 규모/특징: 수시 채용 활발. 마곡 본사 중심 대규모 IT 인력 운용 중,3043,6401,dart
375,신세계인터내셔날,031430,13086,유통·물류,중간,혼합,"패션 유통 IT, 이커머스 인프라 보안",채용 규모/특징: 수시/정기 공채. 유통/패션 테크 기반의 전산 운영 업무,1116,7326,dart
376,국도화학,007690,13058,제조·모빌리티,소규모,,"화학 제조 IT, ERP 시스템 유지보수",채용 규모/특징: 소수. 제조업 기반의 안정적인 IT 인프라 지원,883,6643,dart
377,심텍홀딩스,036710,13021,기타,극소수,,그룹 IT 전략 및 보안 가이드라인 수립,채용 규모/특징: 극소수 (지주사). 계열사 전산 정책 수립 및 가이드,25,8457,dart
378,모베이스,101330,13017,제조·모빌리티,소규모,,"전자/자동차 부품 제조 전산, 인프라",채용 규모/특징: 소수. 글로벌 제조망 연동 전산 시스템 관리,60,5613,dart
379,하림,136480,12854,제조·모빌리티,대규모,수시,"식품 생산/유통 IT, 전산 보안, ERP",채용 규모/특징: 수시 채용. 익산 기반 대규모 식품 생산 전산 지원,2454,4780,dart
380,미래에셋자산운용,,12841,금융,소규모,혼합,"자산운용 시스템 관리, 보안, 인프라","채용 규모/특징: 소수 정기/수시. 금융권 최상급 연봉, 안정적인 시스템 운영",,12000,research
381,한미사이언스,008930,12834,기타,소규모,,그룹 IT 전략 및 제약 전산 기획,채용 규모/특징: 소수 (지주사). 한미약품 계열 지주사 IT 거버넌스,453,6986,dart
382,대덕,008060,12672,기타,극소수,,지주사 IT 전략 및 제조 전산 가이드,채용 규모/특징: 극소수. 대덕전자 등 계열사 전산 감사 및 기획,11,7882,dart
383,BNK투자증권,,12650,금융,,수시,"증권 전산 운영, 지역 금융 IT 지원",채용 규모/특징: 수시 채용. 부산/경남 기반 금융 전산 인프라 관리,,10000,research
384,우리엔터프라이즈,037400,12591,기타,극소수,정기,(미확인-지주성격) 일반 전산 지원,채용 규모/특징: 극소수. 정보 부재 사유: 외부 공채 거의 없음,50,4,dart
385,하나마이크론,067310,12507,제조·모빌리티,,수시,"반도체 후공정 IT, MES 운영, 보안",채용 규모/특징: 수시 채용. 천안 기반 반도체 제조 전산 지원,801,6189,dart
386,노루홀딩스,000320,12479,기타,소규모,,그룹 IT 전략 및 도료 제조 전산 기획,채용 규모/특징: 소수. 노루페인트 등 계열사 전산 통합 관리,60,9262,dart
387,무신사,,12427,기타,대규모,수시,"이커머스 인프라 운영, 보안, 전산 기획","채용 규모/특징: 대규모 수시 채용. 컴공 전공자 선호도 높음, IT 투자 적극적",,9000,research
388,우리바이오,082850,12372,바이오·헬스,소규모,,"전자/바이오 제조 전산, 인프라 지원",채용 규모/특징: 소수. 우리이앤엘 등 계열사 통합 전산 운영,91,6187,dart
389,심텍,222800,12314,제조·모빌리티,,수시,"반도체 기판 제조 IT, ERP 운영, 보안",채용 규모/특징: 수시 채용. 청주 기반 탄탄한 중견 제조 전산직,2824,6363,dart
390,서원,021050,12295,제조·모빌리티,극소수,,"비철금속 제조 전산, 일반 전산 지원",채용 규모/특징: 극소수. 전형적인 제조업의 최소 인원 전산 관리,114,6036,dart
391,대한제강,084010,12245,제조·모빌리티,소규모,,"제철 공정 전산, ERP 운영, 인프라","채용 규모/특징: 소수. 부산 기반 고연봉, 안정적인 제조 전산",401,8011,dart
392,KPX홀딩스,092230,12239,기타,극소수,,그룹 IT 전략 및 화학 전산 거버넌스,채용 규모/특징: 극소수. 지주사 성격. 계열사 전산 보안 가이드,20,9455,dart
393,서진시스템,178320,12138,제조·모빌리티,,수시,"금속 가공 제조 전산, 인프라 보안",채용 규모/특징: 수시 채용. 베트남 공장 중심 글로벌 전산망 운영,191,5053,dart
394,대성홀딩스,016710,12124,기타,극소수,,그룹 IT 전략 및 도시가스 전산 기획,채용 규모/특징: 극소수. 대성그룹 지주사. IT 보안 감사 및 전략,45,7002,dart
395,포스코스틸리온,058430,12099,기타,,수시,"제강 공정 전산, 전산 인프라 보안",채용 규모/특징: 수시 채용. 포항 기반 안정적인 포스코 계열 전산직,422,10243,dart
396,SGC E&C,016250,12056,건설·엔지니어링,소규모,,"건설 ERP 운영, 본사/현장 전산 지원",채용 규모/특징: 소수. (구 SGC이테크건설) 건설 IT 인프라 관리,881,4598,dart
397,한화엔진,082740,12022,기타,소규모,수시,"선박 엔진 제조 IT, ERP 운영, 보안",채용 규모/특징: 소수 수시 채용. (구 HSD엔진) 한화 계열 편입 후 IT 고도화,825,7798,dart
398,한솔테크닉스,004710,11995,제조·모빌리티,,수시,"전자 제조 전산, 스마트 팩토리, ERP",채용 규모/특징: 수시 채용. 한솔그룹 계열 제조 IT 인프라 지원,543,6904,dart
399,LG헬로비전,037560,11964,기타,,수시,"방송/통신 전산 시스템, 인프라 운영",채용 규모/특징: 수시 채용. 통신 인프라 및 전산 보안 실무 중심,1075,8358,dart
400,티케이지휴켐스,069260,11882,기타,소규모,,"화학 제조 IT, 전산 인프라 보안, ERP",채용 규모/특징: 소수. (구 휴켐스) 여수 기반의 고연봉 전산직,303,10952,dart
401,한양이엔지,045100,11863,제조·모빌리티,소규모,수시,"반도체 설비 전산 운영, ERP 관리","채용 규모/특징: 소수 수시 채용. 반도체 클린룸 전문, 안정적인 제조 IT",1202,6677,dart
402,롯데이노베이트,286940,11804,기타,대규모,혼합,"SI/SM, 클라우드, 보안, AI 솔루션",채용 규모/특징: 대규모 공채/수시. (구 롯데정보통신) 롯데그룹 IT 전담사,2888,7808,dart
403,드림텍,192650,11727,제조·모빌리티,소규모,수시,"전자부품 제조 IT, 스마트 팩토리",채용 규모/특징: 소수 수시 채용. 글로벌 제조 거점 전산 인프라 지원,454,5901,dart
404,엠케이전자,033160,11706,제조·모빌리티,소규모,,"반도체 소재 전산 운영, 보안",채용 규모/특징: 소수. 용인 기반 반도체 소재 기업 전산 관리,291,6240,dart
405,디와이,013570,11683,기타,소규모,수시,"자동차/기계 제조 전산, ERP 운영",채용 규모/특징: 소수 수시 채용. 디와이오토 등 계열사 통합 전산 운영,60,7935,dart
406,성신양회,004980,11626,제조·모빌리티,극소수,,"시멘트 제조 전산, 일반 전산 지원",채용 규모/특징: 극소수. 단양 공장 및 본사 전산 인프라 유지보수,628,9390,dart
407,INVENI,015360,11604,기타,극소수,정기,(미확인-지주성격) 일반 전산 지원,채용 규모/특징: 극소수. 정보 부재 사유: 외부 공채 부재 및 정보 제한,34,10274,dart
408,피에이치에이,043370,11529,제조·모빌리티,소규모,,"자동차 부품 전산, 스마트 팩토리",채용 규모/특징: 소수. 대구 기반 중견 부품사 제조 IT 지원,644,7979,dart
409,DB하이텍,000990,11312,제조·모빌리티,중간,혼합,"반도체 공정 전산, MES 운영, 보안","채용 규모/특징: 수시/공채. 파운드리 전문, 고도의 제조 전산 환경",2051,8574,dart
410,KTcs,058850,11213,기타,,수시,"고객센터 전산 운영, IT 서비스 지원","채용 규모/특징: 수시 채용 활발. KT 계열 서비스 전문, 시스템 운영 업무",8742,3740,dart
411,제이에스코퍼레이션,194370,11175,기타,소규모,,"글로벌 제조 IT, ERP 유지보수",채용 규모/특징: 소수. 핸드백 OEM 기반 글로벌 전산망 관리,98,6549,dart
412,유니드,014830,11116,기타,소규모,수시,"화학 공정 전산, 전산 보안, 인프라","채용 규모/특징: 소수 수시 채용. OCI 계열, 높은 연봉과 안정적인 전산직",468,10992,dart
413,아세아시멘트,183190,11103,제조·모빌리티,소규모,,"시멘트 제조 IT, 전산 인프라 보안",채용 규모/특징: 소수. 제천 공장 중심의 제조업 전산 유지보수,486,10072,dart
414,예스코,,11060,에너지,소규모,수시,"에너지 전산 운영, 보안, 인프라 관리","채용 규모/특징: 소수 수시 채용. LS 계열 도시가스사, 매우 안정적인 직무",,9000,research
415,NHN KCP,060250,11053,IT·플랫폼,,수시,"결제 시스템(PG) 운영, 보안, 서버","채용 규모/특징: 수시 채용 활발. IT 결제 전문, 컴공 전공자 선호도 높음",407,6029,dart
416,서울반도체,046890,10905,제조·모빌리티,,수시,"제조 공정 IT, ERP 운영, 전산 보안",채용 규모/특징: 수시 채용. 안산 기반 LED 제조 전산 시스템 관리,218,7265,dart
417,파라다이스,034230,10721,기타,대규모,수시,"카지노/리조트 전산, 보안, 네트워크",채용 규모/특징: 수시 채용. 대규모 전산 서비스 및 보안 인력 필요,1396,6607,dart
418,송원산업,004430,10702,제조·모빌리티,소규모,수시,"화학 제조 IT, 글로벌 ERP 운영, 보안",채용 규모/특징: 소수 수시 채용. 울산 기반 글로벌 정밀화학 전산 관리,619,9429,dart
419,동성케미컬,102260,10663,제조·모빌리티,소규모,,"화학 제조 IT, 전산 인프라 지원",채용 규모/특징: 소수. 부산 기반 중견 화학사 전산 유지보수,600,7808,dart
420,TP,007980,10642,기타,극소수,,"(구 태웅) 단조 제조 전산, 인프라",채용 규모/특징: 극소수. 부산 기반 대형 단조 설비 전산 지원,284,5034,dart
421,극동유화,014530,10628,제조·모빌리티,극소수,,"정유/화학 전산 시스템, ERP 운영",채용 규모/특징: 극소수. 보수적인 제조업 전산 인프라 유지,112,7934,dart
422,쿠쿠홈시스,284740,10572,기타,,수시,"렌탈 전산 플랫폼, 고객 관리 시스템",채용 규모/특징: 수시 채용. 렌탈 비즈니스 특화 전산 시스템 운영,842,5953,dart
423,엠씨넥스,097520,10571,제조·모빌리티,,수시,"전자부품 제조 IT, 전산 보안, 인프라",채용 규모/특징: 수시 채용. 카메라 모듈 제조 기반 전산 지원 업무,459,5561,dart
424,엘에스엠트론,,10554,제조·모빌리티,중간,혼합,"기계/부품 제조 IT, 스마트 팩토리",채용 규모/특징: 수시/정기 공채. LS 계열 기계 제조 부문 IT 인프라 지원,,8000,research
425,크라운해태홀딩스,005740,10469,기타,소규모,,그룹 IT 전략 및 전산 보안 거버넌스,채용 규모/특징: 소수 (지주사). 실제 IT 운영은 크라운제과/해태제과 위주,86,5560,dart
426,SBS,034120,10467,기타,중간,정기,"방송 전산 시스템 운영, 보안, 인프라",채용 규모/특징: 정기 공채. 미디어 특화 IT 인프라 및 전산 보안 핵심,880,10589,dart
427,차바이오텍,085660,10450,바이오·헬스,,수시,"바이오 제조 IT, 전산 보안, 인프라",채용 규모/특징: 수시 채용. 제약/바이오 기반의 안정적인 전산직,334,4565,dart
428,태웅로직스,124560,10438,유통·물류,소규모,,"물류 전산 시스템 운영, ERP 관리",채용 규모/특징: 소수. 국제 물류망 연동 전산 시스템 유지보수,379,5971,dart
429,현대커머셜,,10424,금융,중간,혼합,"금융 IT 시스템 운영, 인프라 보안","채용 규모/특징: 수시/정기 공채. 현대카드와 협업, 고수준 금융 전산 환경",,11000,research
430,피엔티,137400,10351,제조·모빌리티,소규모,,"설비 제조 IT, 전산 인프라 지원",채용 규모/특징: 소수. 이차전지 설비 제조 기반 전산 유지보수,589,5539,dart
431,나래에너지서비스,,10234,에너지,극소수,,"발전소 IT 운영, 전산 보안, 인프라",채용 규모/특징: 극소수. SK E&S 계열의 안정적인 에너지 전산직,,10000,research
432,보령,003850,10171,바이오·헬스,중간,혼합,"제약 전산 시스템, ERP 운영, 보안",채용 규모/특징: 수시/정기 공채. 안정적인 제약 인프라 관리 및 전산 지원,1646,7356,dart
433,AJ네트웍스,095570,10142,기타,소규모,,"렌탈 전산 플랫폼, 일반 전산 지원",채용 규모/특징: 소수. 렌탈 자산 관리 및 사내 전산 유지보수,635,6215,dart
434,KISCO홀딩스,001940,10132,제조·모빌리티,극소수,,그룹 IT 전략 및 제조 전산 기획,채용 규모/특징: 극소수 (지주사). 한국철강 등 계열사 전산 거버넌스 관리,33,10336,dart
435,세아특수강,019440,10087,제조·모빌리티,소규모,수시,"철강 제조 IT, 전산 인프라 보안",채용 규모/특징: 소수 수시 채용. 포항/충주 공장 중심의 안정적 전산직,456,7764,dart
436,웅진,016880,10081,기타,중간,혼합,"그룹 IT 서비스(SI/SM), 전산 운영",채용 규모/특징: 수시/정기 공채. 웅진그룹의 IT 사업 및 대외 SI 수행,929,4907,dart
437,에어부산,298690,10068,기타,,수시,"항공 전산 시스템 운영, 보안, 인프라",채용 규모/특징: 수시 채용. 부산 기반 항공 IT 인프라 유지보수,1462,5852,dart
438,아주스틸,139990,9997,제조·모빌리티,소규모,,"철강 제조 IT, 스마트 팩토리 기획",채용 규모/특징: 소수. 구미 기반 제조업 전산 시스템 지원,683,4682,dart
439,성도이엔지,037350,9996,건설·엔지니어링,소규모,,"반도체 설비 전산, ERP 시스템 관리",채용 규모/특징: 소수. 하이테크 플랜트 기반 전산 인프라 운영,658,6904,dart
440,아이티센씨티에스,031820,9953,기타,,수시,"SI/SM, 공공 IT 서비스 운영","채용 규모/특징: 수시 채용 활발. IT 서비스 전문, 다양한 공공 전산 프로젝트",597,6691,dart
441,대성에너지,117580,9951,에너지,소규모,수시,"도시가스 IT 운영, 전산 보안, 인프라",채용 규모/특징: 소수 수시 채용. 대구 기반의 안정적인 에너지 전산직,406,8418,dart
442,HDC현대EP,089470,9906,제조·모빌리티,소규모,,"화학 제조 IT, ERP 시스템 유지보수",채용 규모/특징: 소수. HDC 계열 화학 부문 전산 지원 업무,384,7248,dart
443,에스엠,041510,9897,기타,,수시,"엔터 플랫폼 IT, 전산 보안, 인프라",채용 규모/특징: 수시 채용 활발. 아티스트 플랫폼 및 팬덤 데이터 전산 관리,723,7531,dart
444,나이스정보통신,036800,9751,금융,중간,혼합,"결제 시스템 보안, 전산 서버 운영","채용 규모/특징: 수시/정기 공채. VAN/PG 부동의 1위, 고도의 보안 전산직",230,9226,dart
445,모베이스전자,012860,9715,제조·모빌리티,소규모,,"자동차 전자부품 전산, 스마트 팩토리",채용 규모/특징: 소수. 제조업 기반의 전산 유지보수 및 보안 관리,1172,6375,dart
446,SNT모티브,064960,9689,제조·모빌리티,중간,혼합,"방산/정밀기계 제조 전산, 보안",채용 규모/특징: 수시/정기 공채. 고보안 방산 인프라 및 제조 전산 핵심,586,8551,dart
447,DS단석,017860,9617,제조·모빌리티,소규모,,"바이오 에너지 제조 IT, ERP 관리",채용 규모/특징: 소수. 시흥/평택 기반 성장하는 제조 전산직,444,5692,dart
448,종근당홀딩스,001630,9578,기타,소규모,,그룹 IT 전략 및 제약 전산 거버넌스,채용 규모/특징: 소수 (지주사). 실제 실무는 종근당(본체)에서 주로 채용,37,13027,dart
449,신세계건설,034300,9550,건설·엔지니어링,,수시,"건설 ERP 운영, 현장 전산 지원",채용 규모/특징: 수시 채용. 신세계 그룹 건설 부문 전산 인프라 관리,630,8091,dart
450,남양유업,003920,9528,기타,소규모,,"식품 제조/유통 전산, ERP 유지보수","채용 규모/특징: 소수. 보수적인 전산 환경, 인프라 유지보수 중심",1887,5879,dart
451,인천도시가스,034590,9436,에너지,소규모,,"에너지 관리 전산, 전산 보안, 인프라",채용 규모/특징: 소수. 인천 지역 기반 매우 안정적인 전산직,207,8882,dart
452,메가스터디교육,215200,9422,에너지,,수시,"교육 플랫폼 운영, 서버 인프라, 보안",채용 규모/특징: 수시 채용 활발. 에듀테크 기반의 시스템 운영 및 보안 직무,2168,4134,dart
453,신원,009270,9395,유통·물류,소규모,,"패션 유통 전산, 해외 법인 ERP 관리",채용 규모/특징: 소수. 의류 제조/유통 기반 글로벌 전산망 지원,785,5967,dart
454,휴비스,079980,9394,제조·모빌리티,소규모,수시,"화학 제조 IT, ERP 시스템 유지보수",채용 규모/특징: 소수 수시 채용. 전주 공장 및 본사 전산 인프라 운영,704,7926,dart
455,케이조선,067250,9347,제조·모빌리티,,수시,"조선 제조 IT, 현장 전산 시스템 지원",채용 규모/특징: 수시 채용. 진해 기반 중형 조선소 전산 인프라 관리,974,7078,dart
456,대원산업,005710,9315,제조·모빌리티,극소수,,"자동차 부품 제조 IT, 일반 전산 지원",채용 규모/특징: 극소수. 안산 기반 자동차 시트 제조 전산 유지보수,582,9657,dart
457,야놀자,,9245,기타,대규모,수시,"플랫폼 인프라, 보안, 전산 기획, 데이터","채용 규모/특징: 대규모 수시 채용. 컴공 전공자 선호, 기술 중심의 전산 조직",,8000,research
458,지누스,013890,9204,유통·물류,소규모,,"글로벌 가구 제조 IT, ERP 관리, SCM","채용 규모/특징: 소수. 현대백화점 계열, 글로벌 이커머스 연동 전산",145,7450,dart
459,여주에너지서비스,,9184,에너지,극소수,,"발전소 전산 시스템, 보안, 인프라","채용 규모/특징: 극소수. SK E&S 계열, 소수 정예 에너지 전산직",,10000,research
460,동화기업,025900,9180,기타,,수시,"소재 제조 IT, 스마트 팩토리, ERP",채용 규모/특징: 수시 채용. 인천 본사 및 해외 법인 통합 전산 관리,734,7498,dart
461,KPX케미칼,025000,9134,제조·모빌리티,소규모,,"화학 제조 IT, 전산 인프라 유지보수","채용 규모/특징: 소수. 고연봉 제조업 전산직, 매우 안정적인 직무",364,7903,dart
462,HS효성,487570,9104,기타,극소수,,그룹 IT 전략 및 자회사 전산 관리,채용 규모/특징: 극소수 (지주사). 효성 조현상 부회장 계열 신설 지주사,110,3749,dart
463,신성델타테크,065350,9097,제조·모빌리티,소규모,수시,"가전/배터리 제조 IT, 전산 보안",채용 규모/특징: 소수 수시 채용. 창원 기반 대형 가전 부품사 전산 지원,342,5145,dart
464,오텍,067170,9092,제조·모빌리티,소규모,,"공조/의료 차량 제조 IT, ERP 관리",채용 규모/특징: 소수. 특수차량 제조 기반 전산 유지보수 업무,92,5988,dart
465,롯데에너지머티리얼즈,020150,9023,에너지,중간,혼합,"동박 제조 IT, 스마트 팩토리, 보안",채용 규모/특징: 수시/정기 공채. 익산/말레이시아 등 글로벌 제조 전산 지원,642,8269,dart
466,비에스한양,,9010,건설·엔지니어링,소규모,,"건설 전산 운영, 일반 전산 지원",채용 규모/특징: 소수. 보성그룹 계열 건설 IT 인프라 관리,,7000,research
467,HK이노엔,195940,8971,바이오·헬스,,수시,"제약 전산 시스템, ERP 운영, 정보보안",채용 규모/특징: 수시 채용 활발. 컨디션/제약 기반의 성장하는 전산 조직,1721,5210,dart
468,대덕전자,353200,8921,제조·모빌리티,,수시,"PCB 제조 IT, MES 운영, 전산 보안",채용 규모/특징: 수시 채용. 안산 기반 핵심 부품사 제조 전산 핵심,2423,6692,dart
469,원익QnC,074600,8915,제조·모빌리티,소규모,수시,"반도체 부품 제조 IT, ERP 유지보수",채용 규모/특징: 소수 수시 채용. 구미 기반 원익그룹 핵심 제조 전산직,1188,7000,research
470,아세아제지,002310,8911,제조·모빌리티,소규모,,"제지 제조 IT, 전산 인프라 보안",채용 규모/특징: 소수. 아세아 계열 안정적인 제조업 전산 유지보수,281,8149,dart
471,JW홀딩스,096760,8877,바이오·헬스,소규모,,그룹 IT 전략 및 제약 전산 거버넌스,채용 규모/특징: 소수 (지주사). 실제 실무는 JW중외제약 등에서 수행,139,7001,dart
472,케이씨티시,009070,8821,유통·물류,,수시,"물류 시스템 운영, 인프라 보안, ERP",채용 규모/특징: 수시 채용. 종합물류 기반의 시스템 및 네트워크 관리,459,7003,dart
473,콘텐트리중앙,036420,8795,기타,소규모,,"미디어 IT 전략, 그룹 전산 거버넌스",채용 규모/특징: 소수 (지주사). 중앙그룹 계열 미디어/극장 전산 총괄,147,5921,dart
474,동방,004140,8716,유통·물류,소규모,수시,"항만 물류 전산, 시스템 보안, 인프라",채용 규모/특징: 소수 수시 채용. 중량물 물류 특화 전산 유지보수 업무,828,7459,dart
475,SK디앤디,210980,8709,에너지,소규모,,"부동산 개발 IT 전략, 에너지 전산",채용 규모/특징: 소수. SK 계열 부동산/에너지 솔루션 전산 기획,180,11173,dart
476,상상인,038540,8703,금융,극소수,,그룹 IT 전략 및 금융 전산 감사,채용 규모/특징: 극소수. 상상인증권/저축은행 등 계열사 전산 관리,258,6067,dart
477,LS에코에너지,229640,8690,에너지,소규모,,"글로벌 전선 제조 IT, ERP 관리",채용 규모/특징: 소수. 베트남 등 해외 법인 연동 전산 시스템 관리,9,5089,dart
478,웅진씽크빅,095720,8672,기타,중간,혼합,"교육 플랫폼 IT, 전산 보안, 데이터",채용 규모/특징: 수시/정기 공채. 에듀테크 기반의 탄탄한 전산/인프라 조직,1805,4499,dart
479,솔브레인,357780,8634,제조·모빌리티,,수시,"반도체 소재 IT, 전산 보안, MES 운영",채용 규모/특징: 수시 채용. 판교/공주 기반 반도체 핵심 소재사 전산,1192,7133,dart
480,메리츠캐피탈,,8471,금융,소규모,수시,"금융 IT 시스템 운영, 인프라 보안",채용 규모/특징: 소수 수시 채용. 메리츠금융그룹 계열의 고연봉 전산직,,15000,research
481,에스케이인텔릭스,,8443,기타,극소수,,(미확인-지주성격) 일반 전산 지원,채용 규모/특징: 극소수. 정보 부재 사유: 외부 노출 정보 극히 제한됨,,,
482,이수페타시스,007660,8369,제조·모빌리티,,수시,"PCB 제조 IT, 스마트 팩토리, ERP",채용 규모/특징: 수시 채용 활발. 대구 기반 AI 서버용 기판 제조 전산 확대 중,1186,9101,dart
483,평화홀딩스,010770,8352,기타,소규모,,그룹 IT 전략 및 자동차 부품 전산 기획,채용 규모/특징: 소수. 대구 기반 평화그룹 지주사 전산 거버넌스,89,7356,dart
484,쿠쿠홀딩스,192400,8338,유통·물류,극소수,,그룹 IT 전략 및 유통 전산 거버넌스,채용 규모/특징: 극소수. 가전 유통 부문 통합 전산 전략 수립,81,7677,dart
485,한양증권,001750,8333,금융,중간,혼합,"증권 전산 운영, 트레이딩 보안, 인프라","채용 규모/특징: 수시/정기 공채. 알짜 증권사, 매우 높은 평균 연봉과 안정성",510,15623,dart
486,인카금융서비스,211050,8323,금융,,수시,"금융 전산 운영, 인슈어테크 인프라","채용 규모/특징: 수시 채용. GA(법인보험대리점) 1위, 전산 시스템 확장 중",366,5047,dart
487,STX,011810,8278,기타,소규모,수시,"글로벌 무역 전산, ERP 운영, 인프라",채용 규모/특징: 소수 수시 채용. 상사 사업 기반의 글로벌 IT 시스템 관리,75,6687,dart
488,코오롱글로텍,,8168,제조·모빌리티,소규모,수시,"소재 제조 IT, 전산 보안, 인프라 지원",채용 규모/특징: 소수 수시 채용. 제조업 기반의 전형적인 전산팀 업무,,7500,research
489,탑엔지니어링,065130,8154,건설·엔지니어링,극소수,,"디스플레이 설비 제조 IT, 전산 지원",채용 규모/특징: 극소수. 파주 기반 설비 제조 전산 유지보수,273,4673,dart
490,휴온스글로벌,084110,8135,바이오·헬스,소규모,,그룹 IT 전략 및 제약 전산 가이드,채용 규모/특징: 소수 (지주사). 판교 기반 제약 그룹 전산 거버넌스 관리,121,6182,dart
491,동국제약,086450,8122,바이오·헬스,,수시,"제약 전산 시스템, ERP 운영, 보안",채용 규모/특징: 수시 채용 활발. 인사돌/마데카솔 등 브랜드 전산 관리 지원,1216,6501,dart
492,무림P&P,009580,8117,기타,소규모,,"소재 제조 IT, 전산 인프라 보안",채용 규모/특징: 소수. 울산 기반 펄프/제지 전산 유지보수 업무,719,8151,dart
493,시알홀딩스,000480,8108,기타,소규모,,(구 조선내화) 그룹 IT 전략 기획,채용 규모/특징: 소수. 지주사 전환 후 계열사 전산 정책 수립,35,6351,dart
494,로젠,033290,8086,유통·물류,대규모,수시,"물류 시스템 운영, 점포 전산 인프라",채용 규모/특징: 수시 채용. 대규모 물류 택배 전산망 유지보수,316,5524,dart
495,금강공업,014280,8014,제조·모빌리티,극소수,,"제조 전산 인프라 운영, 일반 전산 지원",채용 규모/특징: 극소수. 알루미늄 폼 제조 기반의 전산 유지보수,391,7072,dart
496,농심홀딩스,072710,7983,기타,극소수,,그룹 IT 전략 및 보안 거버넌스 관리,채용 규모/특징: 극소수. 실제 IT 운영은 농심(NDS)에서 주로 담당,8,6650,dart
497,현대비앤지스틸,004560,7954,기타,소규모,수시,"철강 제조 IT, 전산 보안, 인프라",채용 규모/특징: 소수 수시 채용. 창원 기반 현대차 계열 스테인리스 전산 지원,486,7490,dart
498,노루페인트,090350,7938,제조·모빌리티,,수시,"도료 제조 IT, ERP 운영, 전산 보안",채용 규모/특징: 수시 채용. 안양 기반의 안정적인 제조업 전산 직무,796,8253,dart
499,한국제지,027970,7921,기타,소규모,,"제지 제조 IT, 전산 인프라 유지보수",채용 규모/특징: 소수. 해성그룹 계열 안정적인 전산 운영 업무,776,7827,dart
500,한솔홀딩스,004150,7916,기타,소규모,,그룹 IT 전략 수립 및 전산 보안 감사,"채용 규모/특징: 소수 (지주사). 한솔그룹 지주사, 계열사 전산 정책 수립",39,15190,dart
501,한국정보통신,025770,7910,기타,,수시,"결제 인프라 운영, 전산 보안, 네트워크","채용 규모/특징: 수시 채용. 이지체크(EasyCheck) 운영사, 전산 인프라 핵심",278,11278,dart
502,삼표시멘트,038500,7908,제조·모빌리티,소규모,,"제조 공정 IT, ERP 관리, 전산 유지보수","채용 규모/특징: 소수. 삼표그룹 계열, 안정적인 제조업 전산직",741,8945,dart
503,동국산업,005160,7903,제조·모빌리티,극소수,,"제강 공정 전산, 전산 인프라 보안",채용 규모/특징: 극소수. 전형적인 제조업의 전산지원팀 업무,394,8301,dart
504,TYM,002900,7888,유통·물류,소규모,,"농기계 제조 IT, ERP 시스템 유지보수",채용 규모/특징: 소수. (구 동양물산) 스마트 팩토리 인프라 운영,1029,7105,dart
505,세보엠이씨,011560,7888,건설·엔지니어링,극소수,,"건설 전산 운영, 일반 전산 지원",채용 규모/특징: 극소수. 설비건설업 기반의 사내 전산 유지관리,567,7169,dart
506,연합자산관리,,7868,기타,소규모,수시,"금융 전산 시스템 운영, 보안, 서버 관리","채용 규모/특징: 소수 수시 채용. 구조조정 전문, 매우 높은 연봉과 안정성",,15000,research
507,SIMPAC,009160,7851,제조·모빌리티,소규모,,"제조 공정 IT, ERP 운영, 네트워크 보안",채용 규모/특징: 소수. 프레스 제조 기반의 전산 인프라 지원,453,6591,dart
508,케이피에프,024880,7820,제조·모빌리티,소규모,,"제조 전산 인프라 운영, 일반 전산 지원",채용 규모/특징: 소수. 화스너/자동차부품 제조 전산 유지보수,480,6344,dart
509,아이디스홀딩스,054800,7814,기타,극소수,,그룹 IT 전략 및 보안 거버넌스 관리,채용 규모/특징: 극소수 (지주사). 실제 IT 실무는 아이디스(본체)에서 주로 수행,14,7457,dart
510,제일파마홀딩스,002620,7798,기타,소규모,,그룹 IT 전략 및 제약 전산 거버넌스,채용 규모/특징: 소수 (지주사). 제일약품 등 계열사 전산 정책 및 감사,36,7794,dart
511,부국증권,001270,7792,금융,소규모,수시,"증권 전산 운영, 트레이딩 보안, 인프라","채용 규모/특징: 소수 수시 채용. 알짜 증권사, 소수 정예 전산 조직 운영",288,19566,dart
512,아진산업,013310,7768,제조·모빌리티,,수시,"자동차 부품 전산, 스마트 팩토리, ERP",채용 규모/특징: 수시 채용. 대구/경북 기반 자동차 제조 전산 지원,656,9251,dart
513,한솔케미칼,014680,7764,기타,,수시,"화학 제조 IT, 전산 보안, ERP 운영","채용 규모/특징: 수시 채용. 한솔그룹 내 최고 수준 처우, 안정적 전산직",680,9468,dart
514,두올,016740,7733,제조·모빌리티,극소수,,"자동차 내장재 제조 IT, 일반 전산 지원",채용 규모/특징: 극소수. 제조업 기반의 기본 전산 인프라 유지보수,675,4743,dart
515,한국특강,007280,7688,제조·모빌리티,소규모,,"제강 공정 IT, 전산 인프라 운영",채용 규모/특징: 소수. (구 한국특수형강) 영남 기반 철강 전산직,577,7519,dart
516,카카오페이,377300,7662,IT·플랫폼,대규모,수시,"핀테크 인프라 운영, 보안, 전산 기획","채용 규모/특징: 대규모 수시 채용. 컴공 전공자 선호, 기술 중심의 전산 조직",1198,8382,dart
517,핸즈코퍼레이션,143210,7644,제조·모빌리티,소규모,,"자동차 휠 제조 IT, ERP 유지보수",채용 규모/특징: 소수. 글로벌 제조망 연동 전산 시스템 관리,867,6166,dart
518,팜한농,,7621,제조·모빌리티,중간,혼합,"농업 IT 솔루션, ERP 운영, 전산 보안","채용 규모/특징: 수시/정기 공채. LG화학 자회사, 농업 데이터 및 전산 관리",,8000,research
519,일지테크,019540,7573,제조·모빌리티,소규모,,"자동차 부품 제조 IT, 스마트 팩토리",채용 규모/특징: 소수. 대구 기반 중견 부품사 전산 유지보수 업무,533,5491,dart
520,DRB동일,004840,7527,제조·모빌리티,,수시,"고무 제조 IT, ERP 시스템 유지보수, 보안",채용 규모/특징: 수시 채용. 부산 기반의 안정적인 중견 제조 전산직,92,7698,dart
521,한화호텔앤드리조트,,7509,유통·물류,대규모,혼합,"리조트 전산 시스템 운영, 보안, 인프라",채용 규모/특징: 수시/정기 공채. 대규모 레저 시설 전산 및 인프라 관리,,7000,research
522,동양,001520,7504,제조·모빌리티,소규모,,"건자재/플랜트 전산 운영, 일반 전산 지원","채용 규모/특징: 소수. 유진그룹 계열, 제조업 기반 전산 인프라 지원",501,8908,dart
523,서한,011370,7494,건설·엔지니어링,소규모,,"건설 ERP 운영, 본사/현장 전산 지원",채용 규모/특징: 소수. 대구 기반 중견 건설사 전산 유지보수 업무,385,7025,dart
524,코스모화학,005420,7493,제조·모빌리티,,수시,"화학/배터리 소재 IT, 전산 인프라 보안",채용 규모/특징: 수시 채용. 이차전지 소재 분야 성장에 따른 전산직 확장,291,8165,dart
525,원익IPS,240810,7482,제조·모빌리티,,수시,"반도체 장비 제조 IT, MES 운영, 보안","채용 규모/특징: 수시 채용 활발. 반도체 핵심 장비사, 탄탄한 제조 IT 조직",1484,7890,dart
526,평택에너지앤파워,,7436,에너지,극소수,,"발전소 전산 시스템 운영, 보안, 인프라",채용 규모/특징: 극소수. 민자 발전소 기반의 안정적인 고연봉 전산직,,10000,research
527,한국카본,017960,7417,제조·모빌리티,소규모,,"탄소 소재 제조 IT, ERP 유지보수",채용 규모/특징: 소수. 제조업 기반의 전형적인 전산팀 직무,796,3326,dart
528,케이씨,029460,7385,제조·모빌리티,소규모,수시,"반도체 설비 IT, 전산 인프라 보안","채용 규모/특징: 소수 수시 채용. 반도체 유틸리티 전문, 안정적 제조 전산",231,7953,dart
529,코리아에프티,123410,7359,제조·모빌리티,극소수,,"자동차 부품 전산, 일반 전산 유지보수",채용 규모/특징: 극소수. 카본 캐니스터 등 부품 제조 전산 지원,578,5673,dart
530,에스파워,,7346,에너지,극소수,,"발전소 전산 운영, 일반 전산 지원",채용 규모/특징: 극소수. 삼천리 계열 민자 발전소 전산 유지보수,,10000,research
531,파워로직스,047310,7334,제조·모빌리티,소규모,,"전자부품 제조 IT, ERP 관리, 전산 보안",채용 규모/특징: 소수. 청주 기반 카메라 모듈 제조 전산 지원,329,5558,dart
532,인지디스플레,037330,7327,제조·모빌리티,극소수,,"디스플레이 부품 IT, 일반 전산 지원",채용 규모/특징: 극소수. 제조업 기반의 보수적인 전산 관리 업무,362,7920,dart
533,지엠비코리아,013870,7267,제조·모빌리티,소규모,,"자동차 부품 제조 IT, 스마트 팩토리",채용 규모/특징: 소수. 창원 기반 자동차 부품 전산 유지보수 업무,725,8132,dart
534,진흥기업,002780,7262,건설·엔지니어링,소규모,,"건설 ERP 운영, 현장 전산 지원",채용 규모/특징: 소수. 효성중공업 계열 건설 전산 인프라 관리,458,9124,dart
535,STX엔진,077970,7246,제조·모빌리티,,수시,"엔진 제조 IT, 전산 보안, ERP 운영",채용 규모/특징: 수시 채용. 창원 기반 엔진 제조 특화 전산 유지보수,894,7838,dart
536,휴스틸,005010,7231,제조·모빌리티,소규모,,"강관 제조 IT, 전산 인프라 보안","채용 규모/특징: 소수. 신안그룹 계열 철강 전산, 매우 안정적",585,6003,dart
537,에이피알,278470,7228,바이오·헬스,,수시,"뷰티 테크 플랫폼 운영, 이커머스 인프라",채용 규모/특징: 수시 채용 활발. 메디큐브 등 브랜드 성장으로 IT 조직 급팽창,554,7669,dart
538,한국석유공업,004090,7212,제조·모빌리티,극소수,,"아스팔트/제조 IT, 일반 전산 지원",채용 규모/특징: 극소수. 정통 제조업의 소규모 전산 조직 운영,232,6385,dart
539,JW중외제약,001060,7194,바이오·헬스,중간,혼합,"제약 전산 시스템, ERP 운영, 정보보안",채용 규모/특징: 수시/정기 공채. 제약 인프라 특화 전산직 수요 꾸준함,1107,6775,dart
540,디아이씨,092200,7191,제조·모빌리티,소규모,,"자동차 부품 제조 IT, 일반 전산 지원",채용 규모/특징: 소수. 울산 기반 변속기 부품 전산 유지보수,720,6795,dart
541,태림포장,011280,7154,제조·모빌리티,소규모,,"제지/골판지 제조 IT, ERP 관리",채용 규모/특징: 소수. 세아그룹 계열의 전국 공장 전산 지원 업무,927,6061,dart
542,한익스프레스,014130,7123,유통·물류,,수시,"물류 시스템 운영, 인프라 보안","채용 규모/특징: 수시 채용. 한화 계열 물류 전산, 시스템 유지보수 중심",439,6050,dart
543,유니트론텍,142210,7123,유통·물류,극소수,,"반도체 유통 IT, 전산 행정",채용 규모/특징: 극소수. IT 부품 유통 특화 전산 및 시스템 관리,113,8037,dart
544,위메이드,112040,7119,IT·플랫폼,대규모,수시,"게임 플랫폼 운영, 블록체인 인프라, 보안","채용 규모/특징: 대규모 수시 채용. 게임/블록체인 기술 중심, 전산직 위상 높음",542,11498,dart
545,유니퀘스트,077500,7105,유통·물류,소규모,,"반도체 기술 지원, 일반 전산 운영",채용 규모/특징: 소수. 반도체 유통 솔루션 기반 전산 인프라 관리,229,7599,dart
546,에스케이스페셜티,,7084,제조·모빌리티,,수시,"특수 가스 제조 IT, 스마트 팩토리, 보안","채용 규모/특징: 수시 채용. 영주 기반 SK그룹 핵심 소재사, 처우 우수",,11000,research
547,화승알앤에이,378850,7071,제조·모빌리티,소규모,,"자동차 부품 제조 IT, ERP 운영",채용 규모/특징: 소수. 양산 기반 제조업 전산 시스템 지원 업무,643,6785,dart
548,제일약품,271980,7045,바이오·헬스,,수시,"제약 전산 시스템, 일반 전산 지원, 보안",채용 규모/특징: 수시 채용. 제약업계의 보수적이고 안정적인 전산직,983,6513,dart
549,KBI메탈,024840,7027,제조·모빌리티,극소수,,"전선 소재 제조 IT, 일반 전산 지원",채용 규모/특징: 극소수. 제조업 기반의 최소 인원 전산 관리,324,4267,dart
550,인터지스,129260,7012,유통·물류,소규모,수시,"항만 물류 시스템 운영, 전산 인프라",채용 규모/특징: 소수 수시 채용. 동국제강 계열 물류 전산망 유지보수 핵심,516,6309,dart
551,에코비트,,7011,기타,소규모,,"환경 에너지 전산 운영, 일반 전산 지원",채용 규모/특징: 소수. 수처리/폐기물 기반 전산 시스템 통합 관리,,8000,research
552,서울바이오시스,092190,6992,바이오·헬스,소규모,수시,"LED 제조 IT, 전산 보안, 인프라 운영","채용 규모/특징: 소수 수시 채용. 서울반도체 계열, 안산 기반 제조 전산",266,5822,dart
553,동아에스티,170900,6979,바이오·헬스,,수시,"제약 전산 시스템, ERP 운영, 인프라 보안",채용 규모/특징: 수시 채용 활발. 동아쏘시오 계열의 탄탄한 제약 전산직,1695,7872,dart
554,에스디바이오센서,137310,6946,바이오·헬스,,수시,"진단키트 제조 IT, 글로벌 ERP, 보안",채용 규모/특징: 수시 채용. 글로벌 확장세에 따른 전산 인프라 구축 수요,613,6291,dart
555,컴투스,078340,6939,IT·플랫폼,중간,혼합,"게임 서버 운영, 인프라, 전산 보안",채용 규모/특징: 수시/정기 공채. 게임사 특유의 자유로운 문화와 고수준 IT,1471,8081,dart
556,실리콘투,257720,6915,유통·물류,,수시,"K-뷰티 역직구 플랫폼 운영, IT 인프라",채용 규모/특징: 수시 채용 활발. 글로벌 이커머스 급성장에 따른 전산직 수요,247,5947,dart
557,에스케이어드밴스드,,6881,제조·모빌리티,극소수,,"가스 제조 IT, 전산 보안, 인프라","채용 규모/특징: 극소수. 울산 기반 PDH 공장, 매우 높은 연봉 수준",,11000,research
558,한솔로지스틱스,009180,6870,유통·물류,,수시,"물류 시스템(WMS) 운영, 전산 인프라",채용 규모/특징: 수시 채용. 한솔그룹 물류 통합 전산망 유지보수 업무,266,5248,dart
559,자화전자,033240,6811,제조·모빌리티,소규모,,"전자부품 제조 IT, 스마트 팩토리, ERP",채용 규모/특징: 소수. 청주/구미 기반 애플 공급망 제조 전산,1504,5071,dart
560,애경산업,018250,6791,제조·모빌리티,,수시,"생활용품/화장품 유통 IT, 전산 보안",채용 규모/특징: 수시 채용. 홍대 사옥 본사 및 공장 전산 지원 업무,932,6602,dart
561,사조동아원,008040,6781,제조·모빌리티,극소수,,제분/배합사료 전산 시스템 운영,채용 규모/특징: 극소수. 사조그룹 계열 제조업 전산 유지보수 업무,378,6784,dart
562,콜마홀딩스,024720,6767,기타,소규모,,그룹 IT 전략 및 제조 전산 거버넌스,채용 규모/특징: 소수 (지주사). 한국콜마 계열사 IT 통합 기획 및 보안,109,11045,dart
563,태경산업,015890,6757,제조·모빌리티,극소수,,"무기화학 제조 IT, 일반 전산 지원",채용 규모/특징: 극소수. 정통 제조업의 소규모 전산 조직 운영,232,5359,dart
564,카카오모빌리티,,6750,IT·플랫폼,,수시,"모빌리티 인프라 운영, 보안, 전산 기획","채용 규모/특징: 수시 채용 활발. 판교 기반, 서비스 안정화 및 보안 전산 핵심",,9000,research
565,예스24,053280,6711,기타,대규모,혼합,"커머스 플랫폼 운영, 전산 인프라 보안","채용 규모/특징: 수시/정기 공채. 한세예스24 계열, 대규모 트래픽 전산 관리",461,4401,dart
566,케이비아이동국실업,001620,6684,제조·모빌리티,극소수,,"자동차 부품 제조 IT, 일반 전산 지원",채용 규모/특징: 극소수. 제조업 기반의 보수적인 전산 유지보수,421,6823,dart
567,대교,019680,6635,기타,대규모,혼합,"교육 전산 시스템, 네트워크 보안, 인프라",채용 규모/특징: 수시/정기 공채. 눈높이 등 대규모 고객 시스템 및 전산 지원,2397,4329,dart
568,SK오션플랜트,100090,6626,건설·엔지니어링,,수시,"조선/플랜트 공정 IT, 전산 보안",채용 규모/특징: 수시 채용. (구 삼강엠앤티) SK 계열 편입 후 IT 투자 확대,664,6250,dart
569,신대양제지,016590,6585,제조·모빌리티,극소수,,"제지 제조 IT, 일반 전산 지원",채용 규모/특징: 극소수. 시화 공장 기반 소규모 전산 인프라 유지,116,8680,dart
570,일동홀딩스,000230,6576,바이오·헬스,소규모,,그룹 IT 전략 및 제약 전산 거버넌스,채용 규모/특징: 소수 (지주사). 일동제약 등 계열사 IT 통합 관리 및 감사,84,6142,dart
571,서흥,008490,6533,기타,소규모,수시,"캡슐 제조 IT, ERP 유지보수, 전산 보안",채용 규모/특징: 소수 수시 채용. 오송/청주 기반 매우 탄탄하고 안정적인 전산,1214,4803,dart
572,디아이동일,001530,6517,제조·모빌리티,극소수,,"섬유/알루미늄박 제조 IT, 전산 지원",채용 규모/특징: 극소수. 제조업 기반의 정통 전산 관리 직무,212,4361,dart
573,티에이치엔,019180,6511,기타,소규모,,"자동차 부품 전산, 일반 전산 유지보수",채용 규모/특징: 소수. 대구 기반 현대차 협력사 전산 지원 업무,662,7017,dart
574,인지컨트롤스,023800,6493,제조·모빌리티,극소수,,"자동차 부품 제조 IT, ERP 유지보수",채용 규모/특징: 극소수. 시화 기반 중견 부품사 전산 유지관리,534,5442,dart
575,아이티엠반도체,084850,6479,제조·모빌리티,소규모,수시,"반도체 부품 제조 IT, 스마트 팩토리",채용 규모/특징: 소수 수시 채용. 청주 기반 2차전지 회로 제조 전산 지원,313,5190,dart
576,원익홀딩스,030530,6455,기타,소규모,,그룹 IT 전략 및 제조 전산 가이드,채용 규모/특징: 소수 (지주사). 평택 기반 원익그룹 계열사 IT 거버넌스,413,7367,dart
577,우리산업홀딩스,072470,6453,기타,극소수,,자동차 부품 IT 전략 및 전산 기획,채용 규모/특징: 극소수. 지주사 성격. 계열사 전산 인프라 관리 지원,18,6589,dart
578,강남제비스코,000860,6431,제조·모빌리티,소규모,수시,"도료 제조 IT, ERP 운영, 전산 보안",채용 규모/특징: 소수 수시 채용. 안양/함안 공장 및 본사 전산 인프라 유지,641,6068,dart
579,벽산,007210,6431,제조·모빌리티,소규모,,"건자재 제조 IT, 일반 전산 유지보수",채용 규모/특징: 소수. 보수적이지만 매우 안정적인 제조업 전산직,442,8003,dart
580,경창산업,024910,6380,제조·모빌리티,극소수,,"자동차 부품 제조 IT, 일반 전산 지원",채용 규모/특징: 극소수. 대구 기반 부품사 전산 인프라 관리,1359,6699,dart
581,사조산업,007160,6352,기타,극소수,,"수산/식품 유통 전산, 일반 전산 지원",채용 규모/특징: 극소수. 계열사 통합 전산 관리 및 네트워크 유지,489,6031,dart
582,더블유게임즈,192080,6335,제조·모빌리티,,수시,"소셜카지노 인프라 운영, 전산 보안","채용 규모/특징: 수시 채용 활발. 강남 소재, 높은 연봉과 기술 중심 IT 환경",394,9012,dart
583,해태제과식품,101530,6292,기타,소규모,수시,"식품 유통 전산, ERP 유지보수, 보안",채용 규모/특징: 소수 수시 채용. 정통 식품 기업의 안정적인 전산 운영,1558,5435,dart
584,HDC랩스,039570,6288,기타,중간,혼합,"스마트 홈/빌딩 IT 운영, 전산 인프라","채용 규모/특징: 수시/정기 공채. HDC그룹 IT 실무 전문, 공간 테크 기반 전산",5704,2920,dart
585,삼화페인트공업,000390,6283,제조·모빌리티,소규모,수시,"도료 제조 IT, ERP 운영, 전산 보안",채용 규모/특징: 소수 수시 채용. 안산 공장 및 본사 전산 인프라 지원,906,6855,dart
586,카카오게임즈,293490,6272,IT·플랫폼,대규모,수시,"게임 인프라 운영, 전산 보안, 플랫폼","채용 규모/특징: 대규모 수시 채용. 판교 기반 테크 리더, 전산/인프라 직군 우대",474,9221,dart
587,한국공항,005430,6265,기타,소규모,수시,"항공 조업 전산 시스템, 인프라 보안","채용 규모/특징: 소수 수시 채용. 대한항공 계열사, 공항 지상 조업 전산 지원",3267,5705,dart
588,신세계I&C,035510,6257,기타,대규모,혼합,"그룹 전산 SI/SM, 클라우드, 보안","채용 규모/특징: 대규모 공채/수시. 신세계그룹 IT 전담사, 전산 전공자 필수 관문",1414,7124,dart
589,토비스,051360,6238,제조·모빌리티,소규모,,"카지노 모니터 제조 IT, 일반 전산 지원",채용 규모/특징: 소수. 송도/안산 기반의 중견 제조 전산 직무,478,6467,dart
590,알루코,001780,6229,제조·모빌리티,극소수,,"알루미늄 제조 IT, 전산 인프라 보안",채용 규모/특징: 극소수. 대전/공주 기반 제조업 전산 유지보수 업무,176,6080,dart
591,미래나노텍,095500,6223,제조·모빌리티,소규모,,"나노 소재 제조 IT, 일반 전산 지원",채용 규모/특징: 소수. 오창 기반 제조업의 전형적인 전산팀 업무,460,4752,dart
592,태양금속공업,004100,6200,제조·모빌리티,극소수,,"자동차 부품 제조 IT, ERP 유지보수",채용 규모/특징: 극소수. 안산 기반 자동차 냉간단조 부품 전산 지원,507,6417,dart
593,골프존,215000,6200,기타,,수시,"스크린골프 시스템 인프라, 전산 보안","채용 규모/특징: 수시 채용 활발. IT와 스포츠의 결합, 탄탄한 시스템 운영 조직",557,7245,dart
594,하나투어,039130,6166,기타,대규모,수시,"여행 전산 시스템, 예약 인프라 보안","채용 규모/특징: 수시 채용. 여행업계 1위, 대규모 예약 전산망 관리 핵심",1318,5721,dart
595,콜마비앤에이치,200130,6156,제조·모빌리티,소규모,수시,"건기식 제조 IT, ERP 관리, 전산 보안",채용 규모/특징: 소수 수시 채용. 세종 공장 기반 제조업 전산 인프라 지원,528,6100,dart
596,일동제약,249420,6149,바이오·헬스,중간,혼합,"제약 전산 시스템, ERP 운영, 정보보안",채용 규모/특징: 수시/정기 공채. 안정적이고 보수적인 제약 전산 환경,1056,7832,dart
597,인탑스,049070,6147,제조·모빌리티,소규모,수시,"IT 기기 케이스 제조 IT, 스마트 팩토리",채용 규모/특징: 소수 수시 채용. 안양/구미 기반 글로벌 제조 전산망 관리,352,5657,dart
598,SNT다이내믹스,003570,6145,기타,소규모,수시,"방산/기계 제조 IT, 고수준 보안, ERP",채용 규모/특징: 소수 수시 채용. 창원 기반 고보안 방산 전산 시스템 운영,431,6797,dart
599,HS화성,002460,6128,건설·엔지니어링,소규모,,"건설 ERP 운영, 본사/현장 전산 지원",채용 규모/특징: 소수. (구 화성산업) 대구 기반 중견 건설사 전산,386,7260,dart
600,유비벨록스,089850,6071,금융,,수시,"스마트카드/임베디드 IT, 전산 보안",채용 규모/특징: 수시 채용. 보안 칩 및 금융 카드 IT 솔루션 전산 지원,343,6012,dart
601,우성,006980,6062,제조·모빌리티,극소수,,"사료 제조 전산, 일반 전산 지원",채용 규모/특징: 극소수. 대전 기반 정통 제조업 전산 유지보수,71,5677,dart
602,KTis,058860,6039,기타,대규모,수시,"고객센터 인프라 운영, 전산 보안","채용 규모/특징: 수시 채용 활발. KT 계열, 대규모 인바운드 전산망 관리",8217,3674,dart
603,해성디에스,195870,6030,제조·모빌리티,,수시,"반도체 소재 IT, 전산 보안, MES 운영",채용 규모/특징: 수시 채용. 창원 기반 고성능 리드프레임 제조 전산,1387,7406,dart
604,엘티삼보,,6022,건설·엔지니어링,소규모,,"건설 전산 운영, 현장 전산 지원",채용 규모/특징: 소수. LT그룹 계열 건설 인프라 및 전산 관리,,7500,research
605,JYP Ent.,035900,6018,기타,,수시,"팬덤 플랫폼 IT, 전산 보안, 인프라",채용 규모/특징: 수시 채용 활발. 엔터 테크 확장으로 인한 IT 기획/운영 증가,422,10261,dart
606,한국철강,104700,6000,제조·모빌리티,극소수,,"제강 공정 전산, 일반 전산 지원","채용 규모/특징: 극소수. KISCO홀딩스 계열, 안정적인 전산 환경",337,10985,dart
607,대원제약,003220,5982,바이오·헬스,,수시,"제약 전산 시스템, ERP 운영, 보안",채용 규모/특징: 수시 채용. 안정적인 제약 인프라 관리 및 지원,1332,8729,dart
608,코스맥스비티아이,044820,5976,기타,소규모,,그룹 IT 전략 및 제조 전산 거버넌스,채용 규모/특징: 소수 (지주사). 코스맥스 계열사 통합 전산 정책 수립,259,9862,dart
609,동성화인텍,033500,5974,에너지,소규모,,"조선/에너지 IT 인프라, 전산 보안",채용 규모/특징: 소수. LNG 선박 소재 기반의 전산 유지보수,558,7156,dart
610,삼척블루파워,,5965,에너지,극소수,,"발전소 전산 시스템 운영, 보안",채용 규모/특징: 극소수. 포스코 계열 발전소의 안정적인 전산직,,9000,research
611,한양디지텍,078350,5952,제조·모빌리티,소규모,,"메모리 모듈 제조 IT, 일반 전산 지원",채용 규모/특징: 소수. 평택 기반 반도체 부품 전산 유지보수,72,6217,dart
612,휴온스,243070,5902,바이오·헬스,,수시,"제약 전산 시스템, ERP 운영, 보안",채용 규모/특징: 수시 채용. 판교 기반 성장하는 제약사 전산 조직,1049,6033,dart
613,평화산업,090080,5884,제조·모빌리티,극소수,,"자동차 부품 전산, 일반 전산 유지보수",채용 규모/특징: 극소수. 대구 기반 제조업의 전형적인 전산 직무,817,5707,dart
614,DB,012030,5874,기타,중간,혼합,"그룹 전산 SI/SM, 금융 IT 인프라","채용 규모/특징: 수시/정기 공채. DB그룹 IT 전담사, 전산 전공자 다수 채용",870,8525,dart
615,모트렉스,118990,5869,기타,,수시,"IVI 시스템 전산, 일반 전산 지원",채용 규모/특징: 수시 채용. 차량용 인포테인먼트 특화 IT 시스템 관리,460,6669,dart
616,도화엔지니어링,002150,5828,건설·엔지니어링,소규모,수시,"설계 시스템 지원, 전산 보안, 인프라",채용 규모/특징: 소수 수시 채용. 엔지니어링 특화 전산망 및 보안 핵심,2786,7439,dart
617,이엔에프테크놀로지,102710,5824,유통·물류,소규모,,"반도체 케미칼 IT, 전산 보안, ERP",채용 규모/특징: 소수. 제조업 기반의 안정적인 IT 인프라 운영,586,5713,dart
618,신성이엔지,011930,5823,제조·모빌리티,소규모,수시,"클린룸 설비 IT, 스마트 팩토리 기획",채용 규모/특징: 소수 수시 채용. 반도체 설비 기반의 제조 전산 시스템 관리,509,5700,dart
619,TCC스틸,002710,5821,제조·모빌리티,소규모,,"제강 공정 전산, 전산 인프라 보안",채용 규모/특징: 소수. 포항 기반 안정적인 철강 전산 유지보수,288,8274,dart
620,케이엔솔,053080,5792,기타,극소수,,"(구 원방테크) 설비 전산, ERP 관리",채용 규모/특징: 극소수. 산업용 클린룸 기반의 사내 전산 유지,202,6458,dart
621,상신브레이크,041650,5786,제조·모빌리티,소규모,,"자동차 부품 제조 IT, 일반 전산 지원",채용 규모/특징: 소수. 대구 기반 부품사 전산 인프라 지원 업무,632,7852,dart
622,켐트로닉스,089010,5752,기타,,수시,"전자/화학 제조 IT, 전산 보안, 인프라",채용 규모/특징: 수시 채용. 자율주행 등 신사업 연계 IT 인력 필요,558,5553,dart
623,와이지-원,019210,5750,제조·모빌리티,소규모,수시,"절삭공구 제조 IT, 글로벌 ERP 관리",채용 규모/특징: 소수 수시 채용. 인천 기반 글로벌 제조망 전산 지원,1468,4622,dart
624,삼성메디슨,,5712,바이오·헬스,중간,혼합,"의료기기 제조 IT, 전산 보안, 인프라",채용 규모/특징: 정기 공채/수시. 삼성 계열 고수준 전산 및 보안 시스템 운영,,9000,research
625,솔루스첨단소재,336370,5709,제조·모빌리티,,수시,"소재 제조 IT, 전산 보안, ERP 관리",채용 규모/특징: 수시 채용. 동박 제조 기반의 안정적인 전산 지원,208,8710,dart
626,코스모신소재,005070,5697,제조·모빌리티,,수시,"배터리 소재 IT, 전산 인프라 및 보안",채용 규모/특징: 수시 채용 활발. 충주 기반 성장하는 제조 전산 조직,463,9203,dart
627,동원금속,018500,5682,제조·모빌리티,극소수,,"자동차 부품 전산, 일반 전산 지원",채용 규모/특징: 극소수. 제조업 기반의 보수적인 전산 유지보수,538,6367,dart
628,대유에이텍,002880,5649,제조·모빌리티,소규모,,"자동차 시트 제조 IT, ERP 관리","채용 규모/특징: 소수. 대유위니아 계열사, 제조 전산 지원 업무",404,6621,dart
629,인팩,023810,5639,제조·모빌리티,소규모,,"자동차 부품 제조 IT, 전산 보안",채용 규모/특징: 소수. 제조업 기반의 정통 전산 관리 직무,376,6481,dart
630,우신시스템,017370,5636,제조·모빌리티,소규모,,"자동차 차체 설비 전산, IT 인프라",채용 규모/특징: 소수. 설비 제조 특화 전산 및 ERP 유지보수,272,6755,dart
631,에스와이,109610,5610,제조·모빌리티,극소수,,"샌드위치 판넬 제조 IT, 전산 지원",채용 규모/특징: 극소수. 건자재 제조업의 소규모 전산 조직 운영,341,3562,dart
632,한미반도체,042700,5589,제조·모빌리티,,수시,"반도체 장비 제조 IT, 전산 보안, ERP","채용 규모/특징: 수시 채용 활발. HBM 이슈로 급성장, 제조 전산 고도화 중",710,6331,dart
633,삼보판지,023600,5583,제조·모빌리티,극소수,,"제지/골판지 제조 IT, 일반 전산 지원",채용 규모/특징: 극소수. 제조업 기반의 보수적인 전산 관리 업무,286,6016,dart
634,이랜텍,054210,5560,제조·모빌리티,소규모,,"전자부품/배터리 팩 제조 IT, 보안",채용 규모/특징: 소수. 용인/화성 기반 제조 전산 인프라 지원,343,5793,dart
635,HS애드,035000,5547,기타,중간,혼합,"마케팅 데이터 인프라, 전산 보안",채용 규모/특징: 수시/정기 공채. LG그룹 계열 광고 대행사 IT 인프라 관리,796,8495,dart
636,한전기술,052690,5534,공공,중간,정기,"원전 설계 시스템, 전산 보안, 인프라","채용 규모/특징: 정기 공채. 공기업 전산직, 고도의 설계 보안망 관리",2407,8905,dart
637,대원전선,006340,5528,에너지,극소수,,"전선 제조 IT, 일반 전산 유지보수",채용 규모/특징: 극소수. 제조업 기반의 최소 인원 전산 관리,157,7094,dart
638,넥스틸,092790,5524,제조·모빌리티,소규모,,"강관 제조 IT, 전산 보안, 인프라 운영","채용 규모/특징: 소수. 포항 기반 철강 전산, 안정적인 직무",403,5217,dart
639,스튜디오드래곤,253450,5501,기타,,수시,"콘텐츠 관리 시스템(CMS), 전산 보안",채용 규모/특징: 수시 채용. CJ ENM 계열 미디어 특화 IT 인프라 운영,173,11770,dart
640,동양이엔피,079960,5484,제조·모빌리티,소규모,,"전원공급장치 제조 IT, 전산 지원",채용 규모/특징: 소수. 평택 기반 중견 제조 전산 유지보수 업무,366,6392,dart
641,에스케이바이오팜,326030,5476,바이오·헬스,,수시,"신약 연구 IT 인프라, 전산 보안, ERP","채용 규모/특징: 수시 채용. 판교 기반 높은 처우, 바이오 IT 특화 직무",265,9895,dart
642,지어소프트,051160,5472,유통·물류,,수시,"IT 서비스 운영, 오아시스 연동 인프라",채용 규모/특징: 수시 채용 활발. IT 기업 기반 유통 플랫폼 전산 관리 핵심,128,4473,dart
643,노브랜드,145170,5462,제조·모빌리티,소규모,,"(식품/유통X, 의류OEM) 글로벌 전산",채용 규모/특징: 소수. 의류 제조 기반 글로벌 전산망 지원 업무,331,6668,dart
644,현대종합특수강,,5458,제조·모빌리티,소규모,,"철강 제조 IT, ERP 유지보수, 보안","채용 규모/특징: 소수. 현대차 계열사, 안정적인 제조 전산 환경",,8500,research
645,휴맥스홀딩스,028080,5427,기타,극소수,,그룹 IT 전략 및 전산 보안 거버넌스,채용 규모/특징: 극소수. 지주사. 실제 IT는 휴맥스(본체)에서 주도,68,6035,dart
646,삼기,122350,5421,제조·모빌리티,극소수,,"자동차 부품 제조 IT, 일반 전산 지원",채용 규모/특징: 극소수. 평택 기반 제조업 전산 유지보수 업무,604,7,dart
647,미코,059090,5405,제조·모빌리티,소규모,수시,"반도체 부품 제조 IT, ERP 운영, 보안",채용 규모/특징: 소수 수시 채용. 안성 기반 중견 제조 전산 인프라 지원,182,5897,dart
648,경남기업,000800,5404,건설·엔지니어링,소규모,,"건설 ERP 운영, 본사/현장 전산 지원",채용 규모/특징: 소수. SM그룹 계열 건설 IT 인프라 관리,347,7879,dart
649,한화갤러리아,452260,5383,유통·물류,중간,혼합,"백화점 전산 인프라, 보안, 멤버십",채용 규모/특징: 수시/정기 공채. 리테일 특화 전산 및 인프라 운영,797,6819,dart
650,깨끗한나라,004540,5370,제조·모빌리티,소규모,,"제지 제조 IT, ERP 유지보수, 보안",채용 규모/특징: 소수. 제조업 기반의 안정적인 전산 관리 직무,607,7576,dart
651,휴맥스,115160,5356,기타,,수시,"전산 시스템 운영, 모빌리티 IT 지원",채용 규모/특징: 수시 채용. 카플랫 등 모빌리티 서비스 연계 전산 관리,70,7365,dart
652,NICE평가정보,030190,5350,기타,,수시,"금융 데이터 서버 운영, 전산 보안","채용 규모/특징: 수시 채용 활발. 국내 최대 CB사, 고수준 보안 전산 인력 필수",749,10842,dart
653,코스메카코리아,241710,5243,제조·모빌리티,소규모,수시,"화장품 제조 IT, 스마트 팩토리, ERP",채용 규모/특징: 소수 수시 채용. 음성/판교 기반 화장품 제조 전산 지원,450,5439,dart
654,일신방직,003200,5237,제조·모빌리티,극소수,,"섬유 제조 IT, 일반 전산 유지보수",채용 규모/특징: 극소수. 광주 공장 중심의 매우 보수적인 전산직,579,4196,dart
655,동원개발,013120,5204,건설·엔지니어링,소규모,,"건설 ERP 운영, 본사 전산 인프라 관리",채용 규모/특징: 소수. 부산 기반 대형 건설사 전산 유지보수,325,6264,dart
656,뉴파워프라즈마,144960,5198,기타,극소수,,"반도체 장비 IT, 일반 전산 지원",채용 규모/특징: 극소수. 수원 기반 중견 장비사 전산 인프라 관리,351,8374,dart
657,탑런토탈솔루션,336680,5197,제조·모빌리티,소규모,,"전자부품 제조 IT, 글로벌 ERP 관리",채용 규모/특징: 소수. 구미 기반 글로벌 제조망 전산 지원 업무,213,5070,dart
658,플랜텍,051310,5192,건설·엔지니어링,소규모,수시,"(구 포스코플랜텍) 공정 전산, 인프라",채용 규모/특징: 소수 수시 채용. 포항 기반 플랜트 전산 및 설계 인프라 지원,575,8512,dart
659,KSS해운,044450,5179,에너지,소규모,,"해운 전산 시스템 운영, 선박 IT 보안","채용 규모/특징: 소수. 가스 운반 특화 해운 전산, 높은 연봉 수준",525,6916,dart
660,오아시스,,5171,유통·물류,,수시,"새벽배송 시스템 운영, 물류 전산 보안",채용 규모/특징: 수시 채용 활발. 신선식품 이커머스 기반 전산/인프라 실무,,7000,research
661,더네이쳐홀딩스,298540,5169,유통·물류,,수시,"패션 유통 전산, 이커머스 인프라 보안",채용 규모/특징: 수시 채용. 내셔널지오그래픽 브랜드 전산 및 물류 지원,398,5928,dart
662,AP시스템,265520,5167,제조·모빌리티,소규모,수시,"반도체/OLED 장비 IT, 스마트 팩토리",채용 규모/특징: 소수 수시 채용. 동탄 기반 장비 제조 전산 및 보안 관리,562,6700,dart
663,케이프,064820,5165,제조·모빌리티,극소수,,"선박 부품 제조 IT, 일반 전산 지원",채용 규모/특징: 극소수. 양산 기반 제조업 전산 유지보수 업무,204,4695,dart
664,에이플러스에셋,244920,5158,금융,,수시,"금융 전산 운영, 일반 전산 보안",채용 규모/특징: 수시 채용. GA(보험대리점) 기반 영업 전산 지원 핵심,475,6237,dart
665,솔브레인홀딩스,036830,5154,기타,소규모,,그룹 IT 전략 및 제조 전산 거버넌스,채용 규모/특징: 소수 (지주사). 판교 기반 계열사 IT 통합 기획 및 감사,76,9775,dart
666,한일현대시멘트,006390,5134,제조·모빌리티,소규모,,"시멘트 제조 IT, ERP 유지보수, 보안","채용 규모/특징: 소수. 한일시멘트 계열, 안정적인 제조업 전산직",379,10595,dart
667,우리산업,215360,5106,제조·모빌리티,소규모,,"자동차 부품 제조 IT, ERP 운영, 보안",채용 규모/특징: 소수. 용인 기반 테슬라 협력사 제조 전산 지원,347,6513,dart
668,에스텍,069510,5094,제조·모빌리티,극소수,,"음향기기 제조 IT, 일반 전산 지원",채용 규모/특징: 극소수. 양산 기반 제조업의 소규모 전산 조직 운영,334,8279,dart
669,미원에스씨,268280,5093,기타,소규모,수시,"정밀화학 제조 IT, ERP 유지보수, 보안","채용 규모/특징: 소수 수시 채용. 미원홀딩스 계열, 매우 높은 연봉과 안정성",513,6727,dart
670,씨아이에스,222080,5085,제조·모빌리티,,수시,"이차전지 장비 IT, 전산 인프라 보안",채용 규모/특징: 수시 채용. 대구 기반 급성장하는 제조 전산 조직,513,3735,dart
671,한독,002390,5074,바이오·헬스,중간,혼합,"제약 전산 시스템, ERP 운영, 보안","채용 규모/특징: 수시/정기 공채. 테라플루 등 브랜드, 안정적 제약 전산 환경",988,7699,dart
672,코미코,183300,5071,제조·모빌리티,소규모,수시,"반도체 세정/코팅 IT, MES 운영, 보안",채용 규모/특징: 소수 수시 채용. 안성 기반 중견 제조 전산 인프라 지원,767,6180,dart
673,효성 ITX,094280,5064,기타,,수시,"IT 서비스 운영, CDN, 전산 보안","채용 규모/특징: 수시 채용 활발. 효성그룹 IT 사업 핵심, 전산 인프라 전문 기업",8094,3211,dart
674,남광토건,001260,5042,건설·엔지니어링,극소수,,"건설 ERP 운영, 본사/현장 전산 지원",채용 규모/특징: 극소수. 건설 현장 네트워크 및 시스템 유지보수,524,7611,dart
675,조선내화,462520,5006,제조·모빌리티,극소수,,"제조 공정 IT, 일반 전산 유지보수","채용 규모/특징: 극소수. 포스코 협력 제조 기반, 매우 안정적인 직무",576,7399,dart
676,일성건설,013360,5004,건설·엔지니어링,극소수,,"건설 ERP 운영, 일반 전산 지원",채용 규모/특징: 극소수. 전형적인 건설업계 전산 유지보수 업무,442,8396,dart
677,조일알미늄,018470,4984,제조·모빌리티,극소수,,"알루미늄 제조 IT, 일반 전산 지원",채용 규모/특징: 극소수. 경산 기반 제조업의 최소 인원 전산 관리,385,6173,dart
678,인터플렉스,051370,4975,제조·모빌리티,소규모,,"연성회로기판(FPCB) 제조 IT, 보안",채용 규모/특징: 소수. 영풍그룹 계열 안산 기반 제조 전산 지원,455,4627,dart
679,이건홀딩스,039020,4974,기타,소규모,,그룹 IT 전략 및 건자재 전산 기획,채용 규모/특징: 소수. 인천 기반 계열사 IT 통합 관리 및 보안,43,6791,dart
680,백산,035150,4970,제조·모빌리티,극소수,,"합성피혁 제조 IT, 일반 전산 유지보수",채용 규모/특징: 극소수. 시흥 기반 제조업의 전형적인 전산 직무,225,5713,dart
681,신라교역,004970,4961,기타,극소수,,"원양어업 전산 시스템, 일반 전산 지원",채용 규모/특징: 극소수. 보수적이지만 매우 안정적인 전산 환경,494,6833,dart
682,메타넷엑스,,4951,기타,,수시,"IT 아웃소싱(ITO), 전산 인프라 운영","채용 규모/특징: 수시 채용 활발. IT 서비스 전문 기업, 다양한 고객사 전산 지원",,6000,research
683,한화비전,489790,4933,기타,중간,혼합,"영상 보안 IT 솔루션, 서버 인프라, 보안",채용 규모/특징: 수시/정기 공채. (구 한화테크윈) 고도의 IT 기술력 요구,14,10000,research
684,제우스,079370,4908,기타,소규모,수시,"반도체 장비 IT, 일반 전산 지원, 보안",채용 규모/특징: 소수 수시 채용. 화성/안산 기반 중견 장비사 전산 인프라 관리,613,6678,dart
685,가온그룹,078890,4893,기타,소규모,,"셋톱박스/네트워크 IT 인프라, 보안",채용 규모/특징: 소수. (구 가온미디어) 네트워크 장비 기반 전산 관리,285,6944,dart
686,팅크웨어,084730,4891,기타,,수시,"내비게이션 전산 시스템, 보안, 인프라",채용 규모/특징: 수시 채용. 아이나비 기반 플랫폼 및 서버 운영 핵심,254,5557,dart
687,동서,026960,4889,기타,소규모,,그룹 IT 전략 및 유통 전산 기획,채용 규모/특징: 소수 (지주사). 동서식품 등 계열사 전산 정책 수립 및 감사,273,8741,dart
688,디에이피,066900,4888,제조·모빌리티,극소수,,"PCB 제조 IT, 일반 전산 유지보수",채용 규모/특징: 극소수. 안성 기반 제조업의 전형적인 전산 직무,1125,5044,dart
689,미래반도체,254490,4876,제조·모빌리티,극소수,,"반도체 유통 IT, 전산 행정 및 지원",채용 규모/특징: 극소수. 삼성전자 대리점 기반의 전산 유지보수,35,7837,dart
690,코오롱ENP,138490,4862,기타,소규모,수시,"소재 제조 IT, ERP 운영, 전산 보안",채용 규모/특징: 소수 수시 채용. (구 코오롱플라스틱) 김천 기반 안정적 전산직,411,8387,dart
691,바이오스마트,038460,4843,바이오·헬스,극소수,,"스마트카드 제조 IT, 일반 전산 지원",채용 규모/특징: 극소수. 제조업 기반의 소규모 전산 조직 운영,163,5614,dart
692,교촌에프앤비,339770,4808,기타,,수시,"가맹 전산 시스템 운영, 물류 IT 보안",채용 규모/특징: 수시 채용. 교촌치킨 프랜차이즈 전산 및 인프라 지원,430,6019,dart
693,영흥,012160,4803,제조·모빌리티,극소수,,"선재 제조 IT, 일반 전산 유지보수",채용 규모/특징: 극소수. 보수적인 제조업의 전형적인 전산 관리 업무,279,5648,dart
694,삼영무역,002810,4802,기타,극소수,,"렌즈 제조/화학 유통 IT, 일반 전산 지원",채용 규모/특징: 극소수. 에실로코리아 등 계열사 연계 전산 관리,53,6202,dart
695,셀트리온제약,068760,4778,바이오·헬스,,수시,"제약 전산 시스템, ERP 운영, 보안",채용 규모/특징: 수시 채용 활발. 청주/오창 기반 성장하는 제약 전산 조직,920,6437,dart
696,미원홀딩스,107590,4766,기타,소규모,,그룹 IT 전략 및 화학 제조 전산 기획,채용 규모/특징: 소수 (지주사). 미원 계열사 통합 전산 정책 및 보안 가이드,21,7086,dart
697,톱텍,108230,4736,제조·모빌리티,소규모,수시,"자동화 설비 IT, 스마트 팩토리, 보안",채용 규모/특징: 소수 수시 채용. 구미/아산 기반 디스플레이/배터리 장비 전산,473,8577,dart
698,이구산업,025820,4723,제조·모빌리티,극소수,,"동 압연 제조 IT, 일반 전산 지원",채용 규모/특징: 극소수. 안산 기반 제조업의 매우 안정적인 전산직,233,6787,dart
699,롯데관광개발,032350,4715,기타,대규모,수시,"카지노/리조트 전산 시스템 운영, 보안",채용 규모/특징: 수시 채용 활발. 제주 드림타워 기반 대규모 전산 인프라 관리,998,4996,dart
700,에스엘엘중앙,,4701,기타,,수시,"콘텐츠 유통 IT 인프라, CMS 보안",채용 규모/특징: 수시 채용. (구 JTBC스튜디오) 미디어 특화 전산/인프라,,8500,research
701,더블다운인터액티브,,4656,기타,,수시,"게임 서버 운영, 전산 보안, 인프라","채용 규모/특징: 수시 채용. 나스닥 상장사, 게임 IT 인프라 직군 대우 우수",,10000,research
702,슈피겐코리아,192440,4653,유통·물류,,수시,"이커머스 전산, ERP 운영, 인프라 보안",채용 규모/특징: 수시 채용. 글로벌 유통망 기반 전산 및 네트워크 관리,435,6040,dart
703,동화약품,000020,4649,바이오·헬스,소규모,수시,"제약 전산 시스템, ERP 유지보수, 보안",채용 규모/특징: 소수 수시 채용. 정통 제약사의 안정적인 전산 운영 업무,824,6968,dart
704,네패스,033640,4643,제조·모빌리티,,수시,"반도체 제조 IT, MES 운영, 전산 보안",채용 규모/특징: 수시 채용. 충북 기반 반도체 후공정 제조 전산 지원,1101,5235,dart
705,더본코리아,475560,4642,유통·물류,,수시,"프랜차이즈 전산 시스템, POS 보안, ERP","채용 규모/특징: 수시 채용 활발. 백종원 대표 회사, 유통/외식 전산 인프라 핵심",728,5043,dart
706,호전실업,111110,4640,기타,소규모,,"글로벌 의류 제조 IT, 해외 법인 ERP 관리",채용 규모/특징: 소수. 인도네시아 등 해외 법인 전산 지원 업무,159,5534,dart
707,락앤락,115390,4639,기타,,수시,"유통 전산 시스템, ERP 운영, 전산 보안",채용 규모/특징: 수시 채용. 글로벌 생활용품 전산 인프라 및 네트워크 관리,279,6435,dart
708,세코닉스,053450,4627,제조·모빌리티,극소수,,"광학 부품 제조 IT, 일반 전산 지원",채용 규모/특징: 극소수. 동두천 기반 제조업 전산 유지보수 업무,572,5337,dart
709,삼부토건,001470,4624,건설·엔지니어링,소규모,,"건설 ERP 운영, 본사/현장 전산 지원",채용 규모/특징: 소수. 전형적인 건설업계 전산 유지보수 및 보안,242,8075,dart
710,엔피씨,004250,4583,제조·모빌리티,극소수,,"물류 기자재 제조 IT, 일반 전산 지원",채용 규모/특징: 극소수. 보수적이지만 매우 안정적인 제조업 전산직,231,7191,dart
711,율촌화학,008730,4571,제조·모빌리티,소규모,수시,"포장재 제조 IT, ERP 유지보수, 보안","채용 규모/특징: 소수 수시 채용. 농심 계열사, 안정적인 제조 전산 인프라 운영",718,7093,dart
712,환영철강공업,,4570,제조·모빌리티,극소수,,"제강 공정 전산, 일반 전산 유지보수","채용 규모/특징: 극소수. KISCO홀딩스 계열, 당진 기반 안정적 전산직",,8000,research
713,파르나스호텔,,4545,유통·물류,,수시,"호텔 전산 시스템 운영, 보안, 인프라","채용 규모/특징: 수시 채용. GS리테일 계열, 관광/레저 특화 전산 관리",,7000,research
714,LB세미콘,061970,4509,제조·모빌리티,,수시,"반도체 후공정 IT, MES 운영, 전산 보안",채용 규모/특징: 수시 채용. 평택/안성 기반 제조 전산 인프라 지원,938,4819,dart
715,나무가,190510,4504,제조·모빌리티,극소수,,"카메라 모듈 제조 IT, 일반 전산 지원",채용 규모/특징: 극소수. 제조업 기반의 최소 인원 전산 관리 업무,117,7561,dart
716,에스넷,038680,4499,기타,,수시,"네트워크 인프라 구축, 전산 유지보수","채용 규모/특징: 수시 채용 활발. IT 인프라 전문 기업, 실무형 전산직 채용 많음",517,5829,dart
717,풍산홀딩스,005810,4494,기타,극소수,,그룹 IT 전략 및 전산 보안 거버넌스,"채용 규모/특징: 극소수 (지주사). 풍산그룹 지주사, 계열사 전산 정책 관리",274,8900,dart
718,한컴위드,054920,4482,기타,,수시,"정보보안 솔루션, 플랫폼 전산 운영","채용 규모/특징: 수시 채용. 한컴그룹 보안 계열사, IT 보안/인프라 핵심",47,5260,dart
719,삼양패키징,272550,4481,기타,소규모,,"용기 제조 IT, ERP 유지보수, 전산 보안","채용 규모/특징: 소수. 삼양사 계열, 진천/광혜원 기반 안정적 전산직",538,8419,dart
720,금호에이치티,214330,4449,제조·모빌리티,극소수,,"자동차 전장 제조 IT, 일반 전산 지원",채용 규모/특징: 극소수. 광주 기반 자동차 부품 전산 유지보수,475,5542,dart
721,아이티센엔텍,010280,4418,기타,,수시,"SI/SM, 공공 IT 서비스 운영 지원","채용 규모/특징: 수시 채용. 아이티센 계열, 전산 시스템 통합 운영 실무",1009,5816,dart
722,롯데물산,,4409,기타,소규모,수시,"롯데월드타워 전산 인프라, 보안 관리",채용 규모/특징: 소수 수시 채용. 랜드마크 시설 전산 및 네트워크 관리 업무,,7500,research
723,홈앤쇼핑,,4395,유통·물류,,수시,"방송 전산 시스템 운영, 커머스 보안",채용 규모/특징: 수시 채용. 홈쇼핑 특화 시스템 및 결제 전산 인프라 관리,,8000,research
724,크라운제과,264900,4381,기타,소규모,수시,"식품 유통 전산, ERP 유지보수, 보안",채용 규모/특징: 소수 수시 채용. 정통 식품 기업의 안정적인 전산 운영 직무,1301,4996,dart
725,후성,093370,4378,제조·모빌리티,소규모,,"화학/냉매 제조 IT, 전산 인프라 보안",채용 규모/특징: 소수. 제조업 기반의 매우 안정적이고 보수적인 전산직,358,8721,dart
726,바디프랜드,,4369,바이오·헬스,,수시,"제조/렌탈 전산 플랫폼, 고객 DB 보안",채용 규모/특징: 수시 채용. 헬스케어 가전 기반의 전산 시스템 운영,,7000,research
727,유수홀딩스,000700,4359,기타,소규모,,그룹 IT 전략 및 전산 물류 거버넌스,"채용 규모/특징: 소수 (지주사). 구 한진해운 계열 지주사, IT 기획 및 관리",24,13400,dart
728,미원상사,002840,4358,기타,극소수,,"정밀화학 제조 IT, 전산 인프라 유지보수","채용 규모/특징: 극소수. 미원 계열, 고연봉 보장 및 매우 높은 안정성",762,6666,dart
729,BGF,027410,4341,유통·물류,소규모,,그룹 IT 전략 및 보안 정책 수립,채용 규모/특징: 소수 (지주사). BGF리테일 등 계열사 전산 거버넌스 관리,53,9447,dart
730,신흥에스이씨,243840,4328,제조·모빌리티,소규모,수시,"배터리 부품 제조 IT, 스마트 팩토리",채용 규모/특징: 소수 수시 채용. 오산 기반 2차전지 부품 제조 전산 지원,2905,3224,dart
731,씨티알모빌리티,308170,4323,제조·모빌리티,소규모,,"자동차 부품 제조 IT, ERP 유지보수",채용 규모/특징: 소수. (구 센트랄모텍) 경남 기반 제조 전산 지원,155,5836,dart
732,미창석유공업,003650,4319,제조·모빌리티,극소수,,"윤활유 제조 IT, 일반 전산 지원",채용 규모/특징: 극소수. 부산/울산 기반 제조업의 안정적인 전산직,80,7953,dart
733,쏘카,403550,4318,기타,,수시,"모빌리티 인프라 운영, 전산 보안, 서버","채용 규모/특징: 수시 채용 활발. 테크 중심 플랫폼, 전산/인프라 직군 역량 중시",445,6042,dart
734,브이티,018290,4317,기타,소규모,수시,"화장품/소재 유통 전산, 전산 보안",채용 규모/특징: 소수 수시 채용. 리가토크 등 브랜드 성장으로 전산 지원 필요,212,6225,dart
735,DYP,092780,4310,기타,극소수,,(미확인-지주성격) 일반 전산 지원,채용 규모/특징: 극소수. 정보 부재 사유: 외부 노출 정보가 매우 제한됨,596,7975,dart
736,한일사료,005860,4310,제조·모빌리티,극소수,,"사료 제조 전산, 일반 전산 유지보수",채용 규모/특징: 극소수. 용인 기반 제조업의 소규모 전산 조직 운영,82,7289,dart
737,우리투자증권,,4306,금융,중간,혼합,"증권 전산 운영, 트레이딩 보안, 인프라",채용 규모/특징: 수시/정기 공채. (구 한국포스증권) 우리금융 계열 편입 후 IT 확장,,10000,research
738,화승코퍼레이션,013520,4299,기타,소규모,,그룹 IT 전략 및 제조 전산 가이드,"채용 규모/특징: 소수 (지주사). 화승그룹 지주사, 전산 보안 및 인프라 정책",561,6561,dart
739,대한상선,,4291,기타,소규모,,"해운 전산 시스템 운영, 일반 전산 지원",채용 규모/특징: 소수. SM그룹 계열 해운 전산망 유지보수 업무,,8000,research
740,비츠로테크,042370,4283,제조·모빌리티,소규모,,"전력 설비 IT, 전산 보안, 인프라 지원",채용 규모/특징: 소수. 안산 기반 제조업 전산 시스템 유지보수,1085,6069,dart
741,조흥,002600,4282,기타,극소수,,"식품 소재 제조 IT, 일반 전산 지원","채용 규모/특징: 극소수. 오뚜기 계열사, 매우 보수적이고 안정적인 직무",502,4988,dart
742,한미글로벌,053690,4248,건설·엔지니어링,소규모,수시,"건설 CM 시스템 운영, 전산 보안, 인프라",채용 규모/특징: 소수 수시 채용. 건설 관리 특화 IT 시스템 및 사내 인프라 관리,1153,9025,dart
743,유아이엘,049520,4247,제조·모빌리티,소규모,,"전자부품 제조 IT, ERP 유지보수, 보안",채용 규모/특징: 소수. 파주 기반 제조업의 전형적인 전산팀 업무,143,4153,dart
744,이녹스첨단소재,272290,4228,제조·모빌리티,,수시,"반도체/OLED 소재 IT, 전산 보안, 인프라",채용 규모/특징: 수시 채용. 아산 기반 IT 소재 제조 전산 시스템 관리,767,6653,dart
745,HD현대에너지솔루션,322000,4224,에너지,소규모,수시,"태양광 제조 IT, ERP 관리, 전산 보안","채용 규모/특징: 소수 수시 채용. HD현대 계열 에너지 전산, 안정적 처우 보장",220,7352,dart
746,국보디자인,066620,4216,기타,소규모,,"인테리어 전산 시스템, 일반 전산 지원","채용 규모/특징: 소수. 인테리어 1위, 사내 네트워크 및 전산 인프라",335,9709,dart
747,KC그린홀딩스,009440,4211,기타,극소수,,그룹 IT 전략 및 환경 전산 거버넌스,채용 규모/특징: 극소수. 지주사 성격. 계열사 전산 정책 수립 및 관리,19,7629,dart
748,한국컴퓨터,054040,4210,제조·모빌리티,극소수,,"EMS 제조 IT, 전산 인프라 유지보수",채용 규모/특징: 극소수. 제조업 기반의 보수적인 전산 관리 업무,94,4449,dart
749,한국알콜,017890,4210,제조·모빌리티,소규모,,"화학 제조 IT, ERP 유지보수, 전산 보안",채용 규모/특징: 소수. 용인/울산 기반 제조업의 안정적인 전산직,171,6930,dart
750,리드코프,012700,4205,금융,,수시,"금융 전산 시스템 운영, 보안, 인프라",채용 규모/특징: 수시 채용. 소비자금융 기반 전산 및 네트워크 보안 관리,239,4939,dart
751,한국주철관공업,000970,4194,제조·모빌리티,극소수,,"강관 제조 IT, 일반 전산 지원, 유지보수",채용 규모/특징: 극소수. 부산 기반 제조업의 전형적인 전산 관리 업무,141,5937,dart
752,이지스자산운용,,4183,금융,소규모,수시,"부동산 금융 IT 인프라, 전산 보안, DX","채용 규모/특징: 소수 수시 채용. 자산운용 1위, 고연봉 및 IT 투자 적극적",,13000,research
753,한국내화,010040,4160,제조·모빌리티,극소수,,"내화물 제조 IT, ERP 유지보수, 보안",채용 규모/특징: 극소수. 제조업 기반의 안정적인 전산실 업무,662,7215,dart
754,동일산업,004890,4158,제조·모빌리티,극소수,,"제강/합금철 IT, 일반 전산 인프라 관리",채용 규모/특징: 극소수. 포항/영천 기반 제조업 전산 유지보수,224,6762,dart
755,씨젠,096530,4143,바이오·헬스,,수시,"바이오 정보 인프라, 전산 보안, ERP",채용 규모/특징: 수시 채용 활발. 진단 키트 데이터 및 사내 전산 시스템 총괄,862,8072,dart
756,SOOP,067160,4132,기타,,수시,"플랫폼 인프라 운영, 전산 보안, 네트워크","채용 규모/특징: 수시 채용 활발. 판교 기반 테크 기업, 전산 인프라 역량 중요",822,6439,dart
757,두산퓨얼셀,336260,4118,에너지,중간,혼합,"연료전지 제조 IT, 스마트 팩토리, 보안",채용 규모/특징: 수시/정기 공채. 신재생 에너지 기반 제조 전산 인프라 관리,542,7015,dart
758,필옵틱스,161580,4109,제조·모빌리티,소규모,수시,"디스플레이 설비 IT, 전산 인프라 지원",채용 규모/특징: 소수 수시 채용. 수원/오산 기반 설비 제조 전산 유지보수,332,6754,dart
759,주성엔지니어링,036930,4094,건설·엔지니어링,,수시,"반도체 장비 IT, ERP 관리, 전산 보안",채용 규모/특징: 수시 채용. 광주(경기) 기반 핵심 장비사 제조 전산,521,7212,dart
760,덴티움,145720,4078,기타,,수시,"의료기기 제조 IT, ERP 유지보수, 보안",채용 규모/특징: 수시 채용. 광교/수원 기반 의료 플랫폼 및 전산 관리,838,5784,dart
761,샘표,007540,4050,기타,소규모,,그룹 IT 전략 및 전산 보안 거버넌스,채용 규모/특징: 소수 (지주사). 샘표식품 등 계열사 IT 거버넌스 관리,2,9000,research
762,샘표식품,248170,4049,기타,중간,혼합,"식품 유통 전산, ERP 운영, 인프라 보안",채용 규모/특징: 수시/정기 공채. 안정적이고 보수적인 식품 전산 운영 직무,784,4953,dart
763,비에이치아이,083650,4047,제조·모빌리티,소규모,,"발전 설비 IT, 전산 인프라 유지보수",채용 규모/특징: 소수. 함안 기반 제조업 전산 및 설계 인프라 지원,558,6439,dart
764,KX,122450,4038,제조·모빌리티,소규모,,"반도체 소재 IT, 전산 보안, 인프라 관리",채용 규모/특징: 소수. IT 부품 제조 기반의 전산 유지보수 업무,87,5441,dart
765,디케이티,290550,4033,유통·물류,극소수,,"PCB 제조 IT, 일반 전산 지원, 유지보수",채용 규모/특징: 극소수. 스마트폰 부품 제조 전산 인프라 지원,98,3663,dart
766,커넥트웨이브,119860,4032,유통·물류,대규모,수시,"플랫폼 인프라(다나와 등), 전산 보안",채용 규모/특징: 수시 채용 활발. 이커머스 솔루션 기반 대규모 전산망 관리,717,4175,dart
767,대창스틸,140520,4024,제조·모빌리티,극소수,,"철강 제조 IT, 일반 전산 유지보수",채용 규모/특징: 극소수. 제조업 기반의 최소 인원 전산 관리 직무,97,5522,dart
768,더존비즈온,012510,4023,IT·플랫폼,대규모,혼합,"ERP 시스템 운영, 클라우드, 전산 보안","채용 규모/특징: 대규모 수시/공채. 국내 1위 ERP 기업, 전산 전공자 최적화 직무",1827,5745,dart
769,삼목에스폼,018310,4019,제조·모빌리티,극소수,,"건설 자재 IT, 일반 전산 유지보수",채용 규모/특징: 극소수. 안성 기반 제조업의 보수적인 전산 관리,316,8706,dart
770,삼호개발,010960,4018,건설·엔지니어링,극소수,,"건설 ERP 운영, 현장 전산 지원",채용 규모/특징: 극소수. 토목 중심 건설사 전산 인프라 유지관리,2431,939,dart
771,사조오양,006090,4007,제조·모빌리티,극소수,,"식품 유통 전산, 일반 전산 유지보수",채용 규모/특징: 극소수. 사조그룹 계열 제조업 전산 지원 업무,870,5831,dart
772,SFA반도체,036540,4005,제조·모빌리티,,수시,"반도체 후공정 IT, MES 운영, 전산 보안",채용 규모/특징: 수시 채용. 천안 기반 대형 반도체 제조 전산 핵심,577,5431,dart
773,한국종합기술,023350,3989,건설·엔지니어링,소규모,수시,"설계 시스템 지원, 전산 보안, 인프라","채용 규모/특징: 소수 수시 채용. 상장 엔지니어링사, 전산 인프라 안정성 중시",1806,6863,dart
774,피에스케이,319660,3981,제조·모빌리티,,수시,"반도체 장비 IT, ERP 운영, 전산 보안","채용 규모/특징: 수시 채용. 동탄 기반 핵심 장비사, 탄탄한 제조 전산",332,8097,dart
775,경방,000050,3973,유통·물류,소규모,,섬유/유통(타임스퀘어) 전산 인프라 관리,채용 규모/특징: 소수. 복합 쇼핑몰 및 제조 공장 통합 전산 관리,213,5243,dart
776,GKL,114090,3964,공공,중간,정기,"카지노 전산 시스템 운영, 보안, 인프라","채용 규모/특징: 정기 공채. 공기업(문체부), 보안 및 안정성 최우선 전산",1780,6524,dart
777,경남스틸,039240,3955,제조·모빌리티,극소수,,"철강 제조 IT, 일반 전산 유지보수",채용 규모/특징: 극소수. 창원 기반 제조업의 안정적인 전산직,107,5989,dart
778,동아지질,028100,3935,건설·엔지니어링,극소수,,"건설 ERP 운영, 본사/현장 전산 지원",채용 규모/특징: 극소수. 토목 특화 전산 및 사내 네트워크 관리,278,7103,dart
779,폭스바겐파이낸셜서비스코리아,,3920,금융,,수시,"금융 전산 운영, 보안, 글로벌 인프라","채용 규모/특징: 수시 채용. 외국계 금융사, 글로벌 전산 가이드 준수 핵심",,9000,research
780,진성티이씨,036890,3905,제조·모빌리티,극소수,,"건설기계 부품 IT, 일반 전산 지원",채용 규모/특징: 극소수. 평택 기반 제조업 전산 유지보수 업무,216,7124,dart
781,모다이노칩,080420,3889,유통·물류,소규모,,전자부품/유통 전산 인프라 유지보수,채용 규모/특징: 소수. 제조업 및 아울렛 유통 전산 지원 핵심,424,4076,dart
782,에스피지,058610,3885,제조·모빌리티,극소수,,"정밀 모터 제조 IT, 일반 전산 지원",채용 규모/특징: 극소수. 인천 기반 제조업의 소규모 전산 조직 운영,429,5246,dart
783,케이티알파,036030,3882,유통·물류,,수시,"T커머스 전산 운영, 플랫폼 보안, ICT","채용 규모/특징: 수시 채용 활발. KT 계열, 데이터 방송 및 쇼핑몰 전산 관리",562,7378,dart
784,신스틸,162300,3866,제조·모빌리티,극소수,,"철강 제조 IT, 일반 전산 유지보수",채용 규모/특징: 극소수. 제조업 기반의 최소 인원 전산 관리,50,6014,dart
785,태웅,044490,3863,제조·모빌리티,소규모,,"단조 제조 IT, 전산 인프라 보안, ERP",채용 규모/특징: 소수. 부산 기반 대형 제조업의 전산 유지보수,454,5941,dart
786,골프존홀딩스,121440,3862,기타,소규모,,그룹 IT 전략 및 전산 보안 거버넌스,채용 규모/특징: 소수 (지주사). 골프존 계열사 IT 통합 정책 및 감사,37,8319,dart
787,퍼시스,016800,3857,기타,중간,혼합,"가구 제조 IT, ERP 유지보수, 전산 보안","채용 규모/특징: 수시/정기 공채. 사무가구 1위, 탄탄하고 안정적인 전산 직무",249,5268,dart
788,케이씨텍,281820,3854,제조·모빌리티,,수시,"반도체 장비 IT, 전산 보안, 인프라 지원",채용 규모/특징: 수시 채용. 안성 기반 핵심 장비사 제조 전산 유지관리,780,6480,dart
789,바텍,043150,3852,기타,,수시,"의료기기 제조 IT, ERP 운영, 전산 보안",채용 규모/특징: 수시 채용. 동탄 기반 의료 솔루션 전산 및 네트워크 관리,297,5154,dart
790,디와이파워,210540,3846,제조·모빌리티,극소수,,"유압기기 제조 IT, 일반 전산 지원",채용 규모/특징: 극소수. 창원 기반 제조업 전산 유지보수 업무,379,7716,dart
791,이지바이오,353810,3843,바이오·헬스,극소수,,"축산/사료 IT 전략, 그룹 전산 거버넌스",채용 규모/특징: 극소수. 지주사 성격. 계열사 전산 정책 수립 및 지원,134,6405,dart
792,동아화성,041930,3832,제조·모빌리티,극소수,,"자동차 부품 제조 IT, 일반 전산 지원",채용 규모/특징: 극소수. 제조업 기반의 보수적인 전산 관리 업무,299,5010,dart
793,체리부로,066360,3829,제조·모빌리티,극소수,,"식품 유통 전산, 일반 전산 유지보수",채용 규모/특징: 극소수. 진천 기반 육계 생산 전산 인프라 지원,290,5122,dart
794,파인엠텍,441270,3822,제조·모빌리티,소규모,수시,"전자부품 제조 IT, 전산 보안, 인프라",채용 규모/특징: 소수 수시 채용. 폴더블 부품 제조 기반 전산 시스템 관리,119,6638,dart
795,제이티비씨,,3801,기타,중간,혼합,"방송 전산 시스템 운영, 보안, 인프라",채용 규모/특징: 수시/정기 공채. 미디어 특화 전산망 및 방송 인프라 관리,,9000,research
796,원일특강,012620,3793,유통·물류,극소수,,"특수강 유통 IT, 일반 전산 지원",채용 규모/특징: 극소수. 시흥 기반 유통 제조업 전산 유지보수,148,5839,dart
797,캠시스,050110,3782,제조·모빌리티,소규모,,"카메라 모듈 제조 IT, 일반 전산 지원",채용 규모/특징: 소수. 인천 기반 제조업의 전형적인 전산 직무,136,5688,dart
798,구영테크,053270,3774,제조·모빌리티,극소수,,"자동차 부품 제조 IT, 일반 전산 유지보수",채용 규모/특징: 극소수. 대구 기반 제조업의 소규모 전산 조직,375,5876,dart
799,신세계센트럴,,3754,기타,소규모,,"복합 시설 전산 인프라, 보안, 운영",채용 규모/특징: 소수. 터미널/신세계강남점 시설 전산 지원 핵심,,7500,research
800,와이솔,122990,3750,제조·모빌리티,소규모,,"반도체 부품 제조 IT, 일반 전산 지원",채용 규모/특징: 소수. 오산 기반 제조업 전산 인프라 유지관리,511,7051,dart
801,유니크,011320,3748,제조·모빌리티,극소수,,"자동차 부품 제조 IT, ERP 유지보수",채용 규모/특징: 극소수. 김해 기반 제조업의 안정적인 전산 관리,616,6628,dart
802,경인양행,012610,3742,제조·모빌리티,소규모,수시,"화학 제조 IT, 전산 인프라 보안",채용 규모/특징: 소수 수시 채용. 인천/시흥 기반 제조업의 전형적인 전산직,484,6919,dart
803,두산테스나,131970,3731,기타,,수시,"반도체 테스트 IT, MES 운영, 보안",채용 규모/특징: 수시 채용. 두산 계열 편입 후 IT 인프라 고도화 중,748,6975,dart
804,휴젤,145020,3730,바이오·헬스,,수시,"바이오 제조 IT, 글로벌 전산 보안",채용 규모/특징: 수시 채용. 춘천/서울 기반 바이오 인프라 및 전산 관리,609,6478,dart
805,DH오토웨어,025440,3719,제조·모빌리티,소규모,,"자동차 전장 IT, 전산 시스템 운영","채용 규모/특징: 소수. 구 대성엘텍, 제조업 기반 전산 유지보수",306,4554,dart
806,세종텔레콤,036630,3714,기타,,수시,"통신 인프라 운영, 전산 보안, 네트워크",채용 규모/특징: 수시 채용. 알뜰폰 및 통신 회선 기반 전산 관리 실무,194,6420,dart
807,한국투자캐피탈,,3712,금융,소규모,수시,"금융 전산 시스템 운영, 보안, 인프라","채용 규모/특징: 소수 수시 채용. 한투 계열, 고연봉 및 안정적 금융 전산",,12000,research
808,계양전기,012200,3691,제조·모빌리티,극소수,,"전동공구 제조 IT, ERP 유지보수",채용 규모/특징: 극소수. 안산 기반 제조업의 보수적인 전산 관리,700,7638,dart
809,HC홈센타,060560,3690,기타,극소수,,"건자재 유통 전산, 일반 전산 지원",채용 규모/특징: 극소수. 대구 기반 소규모 전산 조직 운영,44,3936,dart
810,폰드그룹,472850,3687,유통·물류,소규모,,"(구 코웰패션) 유통 전산, 이커머스 보안",채용 규모/특징: 소수. 패션 유통 기반의 전산 및 물류 지원,499,4714,dart
811,네오위즈홀딩스,042420,3681,IT·플랫폼,소규모,,그룹 IT 전략 및 전산 보안 거버넌스,채용 규모/특징: 소수 (지주사). 실제 IT 실무는 네오위즈(본체)에서 주도,8,6012,dart
812,한전산업,130660,3675,기타,중간,정기,"발전 설비 전산 운영, 보안, 인프라","채용 규모/특징: 정기 공채. 공공기관 성격, 매우 안정적인 전산 유지보수",3471,6226,dart
813,제이씨케미칼,137950,3673,제조·모빌리티,극소수,,"바이오 에너지 IT, 일반 전산 지원",채용 규모/특징: 극소수. 울산 기반 제조업의 전형적인 전산 직무,93,10103,dart
814,네오위즈,095660,3668,IT·플랫폼,,수시,"게임 인프라 운영, 전산 보안, 플랫폼","채용 규모/특징: 수시 채용 활발. 판교 기반 테크 기업, 전산직 대우 우수",968,8580,dart
815,엔켐,348370,3657,기타,,수시,"배터리 소재 IT, 스마트 팩토리, 보안",채용 규모/특징: 수시 채용 활발. 급성장 중인 기업으로 전산 인력 대폭 확충,408,6335,dart
816,와이지엔터테인먼트,122870,3649,기타,,수시,"엔터 플랫폼 IT, 전산 보안, 인프라",채용 규모/특징: 수시 채용. 아티스트 관리 및 팬덤 데이터 전산 지원,496,6279,dart
817,BGF에코머티리얼즈,126600,3643,제조·모빌리티,소규모,,"소재 제조 IT, ERP 유지보수, 보안","채용 규모/특징: 소수. BGF 계열, 안정적인 제조업 전산 인프라",162,5681,dart
818,대신에프앤아이,,3625,금융,소규모,,"부실채권 관리 전산, 금융 보안","채용 규모/특징: 소수. 대신증권 계열, 소수 정예 고연봉 전산직",,13000,research
819,인성정보,033230,3596,기타,,수시,"IT 인프라 구축, 전산 유지보수(ITO)","채용 규모/특징: 수시 채용 활발. IT 전문 기업, 실무형 전산/네트워크 인력 선호",258,5929,dart
820,레드캡투어,038390,3589,기타,,수시,"여행/렌터카 전산 시스템 운영, 보안","채용 규모/특징: 수시 채용. 범LG가 계열, 안정적인 전산 운영 환경",356,6443,dart
821,알에프텍,061040,3583,제조·모빌리티,극소수,,"전자부품 제조 IT, 일반 전산 지원",채용 규모/특징: 극소수. 용인 기반 제조업의 소규모 전산 조직,265,4758,dart
822,코아시아,045970,3578,기타,소규모,,"반도체 디자인 IT 인프라, 전산 보안",채용 규모/특징: 소수. 팹리스 연계 전산 및 인프라 관리 업무,110,6593,dart
823,위지트,036090,3578,제조·모빌리티,극소수,,"디스플레이 부품 IT, 일반 전산 지원",채용 규모/특징: 극소수. 인천 기반 제조업의 보수적인 전산 관리,164,5599,dart
824,에코마케팅,230360,3572,기타,,수시,"데이터 마케팅 인프라, 전산 보안",채용 규모/특징: 수시 채용. 데이터 기반 전산 운영 및 보안 시스템 관리,361,4179,dart
825,현대에버다임,041440,3551,유통·물류,소규모,,"건설 중장비 IT, ERP 운영, 전산 보안","채용 규모/특징: 소수. 현대백화점 그룹 계열, 안정적 전산직",633,5696,dart
826,우수AMS,066590,3542,제조·모빌리티,극소수,,"자동차 부품 제조 IT, 일반 전산 유지보수",채용 규모/특징: 극소수. 창원 기반 제조업의 전형적인 전산 직무,395,5442,dart
827,엠지캐피탈,,3537,금융,소규모,,(구 새마을금고 계열) 금융 전산 운영,채용 규모/특징: 소수. 금융 여신 시스템 및 네트워크 보안 관리,,9000,research
828,멀티캠퍼스,067280,3527,기타,,수시,"교육 플랫폼 운영, IT 인프라, 보안","채용 규모/특징: 수시 채용 활발. 삼성 계열 IT 교육 전문 기업, 전산 인프라 핵심",917,8291,dart
829,세진중공업,075580,3524,제조·모빌리티,소규모,,"조선 기자재 제조 IT, 전산 보안, ERP",채용 규모/특징: 소수. 울산 기반 대형 제조업의 안정적 전산직,319,5530,dart
830,클리오,237880,3514,유통·물류,,수시,"화장품 유통 IT, 이커머스 전산, 보안",채용 규모/특징: 수시 채용. 성수동 본사 기반 유통 전산 및 인프라 관리,367,5211,dart
831,위닉스,044340,3512,제조·모빌리티,소규모,,"가전 제조 IT, ERP 유지보수, 전산 보안",채용 규모/특징: 소수. 시흥 기반 제조업의 전산 인프라 운영,339,5962,dart
832,파마리서치,214450,3501,바이오·헬스,,수시,"재생 의학 IT, 제약 전산 시스템, 보안",채용 규모/특징: 수시 채용. 판교/강릉 기반 성장하는 제약 전산 조직,436,6807,dart
833,부방,014470,3482,기타,극소수,,그룹 IT 전략 및 유통 전산 거버넌스,채용 규모/특징: 극소수. 쿠첸 등 계열사 전산 정책 수립 및 지원,32,7200,dart
834,티에스이,131290,3481,기타,소규모,,"반도체 장비 IT, 일반 전산 지원, 보안",채용 규모/특징: 소수. 천안 기반 중견 장비사 전산 인프라 관리,736,4946,dart
835,포스코엠텍,009520,3466,기타,,수시,"제조 공정 IT, 전산 보안, 인프라 운영","채용 규모/특징: 수시 채용. 포스코 계열, 포항 기반 매우 안정적인 직무",1021,8206,dart
836,GST,083450,3462,제조·모빌리티,소규모,,"반도체 장비 IT, 전산 유지보수, 보안",채용 규모/특징: 소수. 화성 기반 스크러버 제조 전산 지원 업무,718,5999,dart
837,삼원강재,023000,3436,제조·모빌리티,극소수,,"자동차 스프링 제조 IT, 일반 전산 지원",채용 규모/특징: 극소수. 포항 기반 제조업의 안정적인 전산 관리,275,9251,dart
838,펄어비스,263750,3424,IT·플랫폼,,수시,"게임 엔진/인프라 운영, 전산 보안","채용 규모/특징: 수시 채용 활발. 과천 본사, 기술 중심의 최상급 IT 환경",697,10133,dart
839,현대무벡스,319400,3414,유통·물류,,수시,"물류 자동화 전산, IT 인프라, 보안","채용 규모/특징: 수시 채용. 현대그룹 계열, 스마트 물류 시스템 전산 지원",528,6534,dart
840,KC코트렐,119650,3411,제조·모빌리티,극소수,,"환경 설비 IT, 일반 전산 유지보수, 보안",채용 규모/특징: 극소수. 상암 기반 제조업의 안정적인 전산 실무,155,6262,dart
841,신도리코,029530,3410,기타,중간,혼합,"사무기기 IT 서비스, 전산 인프라 운영",채용 규모/특징: 수시/정기 공채. 솔루션 기반 전산 지원 및 사내 인프라 관리,285,7381,dart
842,삼보산업,009620,3410,제조·모빌리티,극소수,,"알루미늄 제련 IT, 일반 전산 유지보수",채용 규모/특징: 극소수. 창원 기반 제조업의 최소 인원 전산 조직,321,6624,dart
843,금화피에스시,036190,3402,제조·모빌리티,소규모,,"발전소 경정비 전산, 일반 전산 보안",채용 규모/특징: 소수. 전형적인 제조업의 안정적 전산 유지보수,1170,7180,dart
844,유신,054930,3396,기타,소규모,수시,"엔지니어링 설계 IT, 전산 보안, 인프라",채용 규모/특징: 소수 수시 채용. 설계 시스템 지원 및 사내 네트워크 관리,1814,6883,dart
845,티케이케미칼,104480,3396,기타,극소수,,"섬유/화학 제조 IT, ERP 유지보수, 보안","채용 규모/특징: 극소수. SM그룹 계열, 구미 기반 안정적 전산직",197,7392,dart
846,SUN&L,002820,3393,제조·모빌리티,극소수,,"(구 선창산업) 제지/목재 전산, 인프라",채용 규모/특징: 극소수. 인천 기반 제조업의 소규모 전산 조직,253,4786,dart
847,NICE인프라,063570,3387,기타,,수시,"IT 인프라 운영, 전산 유지보수(ITO)",채용 규모/특징: 수시 채용. NICE그룹 계열 IT 인프라 전문 실무,452,6358,dart
848,유진테크,084370,3381,제조·모빌리티,소규모,수시,"반도체 장비 IT, 전산 보안, ERP 운영",채용 규모/특징: 소수 수시 채용. 용인 기반 핵심 장비사 제조 전산 지원,316,9248,dart
849,다산네트웍스,039560,3376,기타,소규모,,"네트워크 장비 전산, 일반 전산 보안",채용 규모/특징: 소수. 판교 기반 통신 장비 전산 인프라 관리,150,4893,dart
850,펌텍코리아,251970,3375,제조·모빌리티,극소수,,"화장품 용기 제조 IT, 일반 전산 지원",채용 규모/특징: 극소수. 인천 기반 제조업의 정통 전산 관리 업무,659,3885,dart
851,동일고무벨트,163560,3370,제조·모빌리티,소규모,수시,"제조 공정 IT, ERP 유지보수, 보안",채용 규모/특징: 소수 수시 채용. 부산 기반 제조업의 안정적인 전산직,554,7059,dart
852,웅진식품,,3361,기타,소규모,수시,"식품 유통 전산, ERP 운영, 인프라 보안",채용 규모/특징: 소수 수시 채용. 정통 식품 기업의 보수적인 전산 환경,,7000,research
853,에스티아이,039440,3340,기타,소규모,,"반도체 설비 IT, 전산 인프라 유지보수",채용 규모/특징: 소수. 안성 기반 중견 장비사 전산 인프라 지원,381,8044,dart
854,산일전기,062040,3340,제조·모빌리티,극소수,,"변압기 제조 IT, 일반 전산 유지보수",채용 규모/특징: 극소수. 시흥 기반 제조업의 소규모 전산 조직,304,6388,dart
855,피씨디렉트,051380,3338,유통·물류,극소수,,"IT 부품 유통 전산, 일반 전산 행정",채용 규모/특징: 극소수. 하드웨어 유통 기반의 시스템 관리 업무,89,3843,dart
856,마니커,027740,3328,제조·모빌리티,극소수,,"식품 유통 전산, 일반 전산 유지보수",채용 규모/특징: 극소수. 용인 기반 제조업의 최소 인원 전산 관리,548,4369,dart
857,한성기업,003680,3325,기타,극소수,,"수산/식품 유통 전산, 일반 전산 지원",채용 규모/특징: 극소수. 보수적이지만 매우 안정적인 전산 환경,696,3419,dart
858,SK이터닉스,475150,3322,에너지,소규모,,신재생 에너지 IT 전략 및 인프라 운영,"채용 규모/특징: 소수. SK디앤디에서 분할, 에너지 솔루션 전산",385,10281,dart
859,이수스페셜티케미컬,457190,3321,기타,소규모,수시,"화학/배터리 소재 IT, 전산 보안, ERP","채용 규모/특징: 소수 수시 채용. 이수그룹 계열, 온산 기반 안정적 전산직",251,8906,dart
860,크리스에프앤씨,110790,3313,유통·물류,,수시,"패션 유통 전산, 이커머스 인프라 보안",채용 규모/특징: 수시 채용. 파리게이츠 등 골프웨어 유통 전산 지원,328,6259,dart
861,쏠리드,050890,3311,기타,소규모,,"통신 장비 전산, 일반 전산 보안, 서버",채용 규모/특징: 소수. 판교 기반 통신 하드웨어 전산 인프라 관리,222,7644,dart
862,그린케미칼,083420,3303,제조·모빌리티,극소수,,"화학 제조 IT, 일반 전산 유지보수, 보안",채용 규모/특징: 극소수. 대산 공장 기반의 전형적인 전산 관리 업무,204,8085,dart
863,S&K폴리텍,091340,3301,제조·모빌리티,극소수,,"전자부품 제조 IT, 일반 전산 지원",채용 규모/특징: 극소수. 평택 기반 제조업의 소규모 전산 조직 운영,69,5018,dart
864,웰크론,065950,3291,기타,극소수,,소재/건설 IT 전략 및 일반 전산 지원,채용 규모/특징: 극소수. 구로 본사 기반 계열사 통합 전산 관리,182,4737,dart
865,한솔홈데코,025750,3273,제조·모빌리티,소규모,,"건자재 제조 IT, ERP 유지보수, 전산 보안",채용 규모/특징: 소수. 익산 공장 및 본사 전산 인프라 지원 업무,333,6165,dart
866,한국쉘석유,002960,3272,기타,소규모,,"윤활유 유통 전산, ERP 운영, 보안","채용 규모/특징: 소수. 로열 더치 쉘 계열, 높은 연봉 및 안정성",117,11723,dart
867,이건산업,008250,3270,제조·모빌리티,소규모,,"목재 제조 IT, 일반 전산 유지보수, 보안",채용 규모/특징: 소수. 인천 기반 제조업의 안정적인 전산 직무,218,6313,dart
868,현대공업,170030,3269,제조·모빌리티,극소수,,"자동차 부품 제조 IT, 일반 전산 지원",채용 규모/특징: 극소수. 울산 기반 부품사 전산 인프라 유지관리,228,7631,dart
869,에이스침대,003800,3260,기타,소규모,혼합,"가구 제조 IT, ERP 유지보수, 전산 보안",채용 규모/특징: 소수 정기/수시. 성남/여주 기반 매우 안정적인 전산 환경,558,5018,dart
870,경농,002100,3252,제조·모빌리티,소규모,,"농업 제조 IT, ERP 시스템 유지보수, 보안",채용 규모/특징: 소수. 서초동 본사 기반 안정적인 제조업 전산직,369,6178,dart
871,유성기업,002920,3246,제조·모빌리티,극소수,,"자동차 부품 제조 IT, 일반 전산 지원",채용 규모/특징: 극소수. 아산 기반 제조업의 보수적인 전산 관리,541,7064,dart
872,파워넷,037030,3227,제조·모빌리티,극소수,,"전원공급장치 제조 IT, 일반 전산 지원",채용 규모/특징: 극소수. 제조업 기반의 최소 인원 전산 조직 운영,124,6652,dart
873,상상인증권,001290,3227,금융,소규모,수시,"증권 전산 운영, 트레이딩 보안, 인프라",채용 규모/특징: 소수 수시 채용. 여의도 기반 금융 IT의 높은 처우와 안정성,241,13993,dart
874,대선조선,031990,3225,제조·모빌리티,소규모,,"조선 제조 IT, 현장 전산 인프라 지원",채용 규모/특징: 소수. 부산 기반 조선소 전산 유지보수 업무,361,6027,dart
875,대창단조,015230,3222,제조·모빌리티,극소수,,"건설기계 부품 IT, 일반 전산 지원",채용 규모/특징: 극소수. 김해 기반 제조업의 매우 안정적인 전산직,88,7522,dart
876,더블유씨피,393890,3221,기타,,수시,"배터리 소재 IT, 스마트 팩토리, 보안","채용 규모/특징: 수시 채용 활발. 충주 기반 급성장 기업, 전산 조직 대폭 확장",1012,5990,dart
877,화신정공,126640,3220,제조·모빌리티,극소수,,"자동차 부품 제조 IT, 일반 전산 유지보수",채용 규모/특징: 극소수. 영천 기반 제조업의 소규모 전산 실무,252,7583,dart
878,황금에스티,032560,3211,제조·모빌리티,극소수,,"스테인리스 제조 IT, 일반 전산 지원",채용 규모/특징: 극소수. 시화/안산 기반 제조업의 안정적 전산직,123,5454,dart
879,이오테크닉스,039030,3209,제조·모빌리티,,수시,"반도체 레이저 장비 IT, 전산 보안, ERP","채용 규모/특징: 수시 채용. 안양 기반 핵심 장비사, 탄탄한 제조 IT 환경",634,6862,dart
880,세경하이테크,148150,3203,제조·모빌리티,소규모,,"전자부품 제조 IT, 일반 전산 지원, 보안",채용 규모/특징: 소수. 수원 기반 제조업의 전형적인 전산팀 업무,237,6443,dart
881,헥토이노베이션,214180,3195,기타,,수시,"플랫폼 인프라 운영, 전산 보안, 서버",채용 규모/특징: 수시 채용 활발. (구 민앤지) 역삼동 기반 테크 기업 처우 우수,190,7623,dart
882,코스맥스엔비티,222040,3180,제조·모빌리티,소규모,수시,"건기식 제조 IT, ERP 유지보수, 보안",채용 규모/특징: 소수 수시 채용. 이천/판교 기반 제조업 전산 인프라 지원,626,4245,dart
883,수산인더스트리,126720,3168,제조·모빌리티,소규모,,"발전소 설비 IT, 일반 전산 유지보수",채용 규모/특징: 소수. 제조업 기반의 안정적인 전산실 업무 수행,1181,6772,dart
884,HD현대마린엔진,071970,3158,제조·모빌리티,소규모,수시,"선박 엔진 제조 IT, ERP 운영, 보안",채용 규모/특징: 소수 수시 채용. (구 STX중공업) 현대 계열 편입 후 IT 고도화,296,9181,dart
885,캐프,198080,3149,제조·모빌리티,극소수,,"자동차 와이퍼 제조 IT, 일반 전산 지원",채용 규모/특징: 극소수. 상주 기반 제조업의 소규모 전산 조직,16,5325,dart
886,한솔피엔에스,010420,3136,기타,,수시,"그룹 IT 아웃소싱(ITO), 전산 유지보수","채용 규모/특징: 수시 채용. 한솔그룹 IT 서비스 전담사, 전산 전공자 위주",286,6344,dart
887,아이디스,143160,3136,기타,,수시,"보안 영상 시스템 IT 인프라, 전산 보안","채용 규모/특징: 수시 채용 활발. 판교 기반 기술 리더, 전산/인프라 역량 중시",428,6592,dart
888,하이비젼시스템,126700,3120,제조·모빌리티,소규모,,"검사장비 제조 IT, 전산 인프라 보안",채용 규모/특징: 소수. 안양 기반 장비 제조 전산 시스템 관리,410,7810,dart
889,다스코,058730,3120,제조·모빌리티,극소수,,"도로 설비/에너지 IT, 일반 전산 지원",채용 규모/특징: 극소수. 화순 기반 제조업의 소규모 전산 유지보수,232,6730,dart
890,KH바텍,060720,3110,제조·모빌리티,소규모,수시,"전자부품 제조 IT, 일반 전산 지원, 보안",채용 규모/특징: 소수 수시 채용. 구미 기반 폴더블 힌지 제조 전산 인프라 관리,202,5138,dart
891,원익머트리얼즈,104830,3107,기타,소규모,수시,"반도체 가스 IT, 전산 보안, ERP 운영","채용 규모/특징: 소수 수시 채용. 청주 기반 원익 계열, 처우 우수 및 안정적",524,6775,dart
892,티이엠씨,425040,3102,제조·모빌리티,,수시,"반도체 희귀가스 IT, 전산 인프라 보안",채용 규모/특징: 수시 채용. 보은 기반 급성장하는 제조 전산 조직,99,5814,dart
893,달바글로벌,483650,3091,유통·물류,소규모,수시,"(구 비모뉴먼트) 이커머스 인프라, 보안","채용 규모/특징: 소수 수시 채용. 화장품 브랜드 달바 운영사, 유통 전산 관리",137,10053,dart
894,태경비케이,014580,3086,제조·모빌리티,극소수,,"석회 제조 IT, 일반 전산 유지보수",채용 규모/특징: 극소수. 단양 공장 중심의 소규모 전산 인프라 유지,278,5778,dart
895,삼진제약,005500,3083,바이오·헬스,,수시,"제약 전산 시스템, ERP 운영, 정보보안","채용 규모/특징: 수시 채용. '게보린' 브랜드, 안정적인 제약 전산 환경",809,8189,dart
896,코텍,052330,3080,제조·모빌리티,소규모,,"카지노 모니터 제조 IT, 일반 전산 지원",채용 규모/특징: 소수. 송도 기반 아이디스 계열 중견 제조 전산,304,7274,dart
897,한화모멘텀,,3079,제조·모빌리티,,수시,"이차전지 설비 IT, 전산 보안, ERP 운영",채용 규모/특징: 수시 채용 활발. 한화그룹 내 신사업 제조 IT 인프라 핵심,,9000,research
898,고려산업,002140,3077,제조·모빌리티,극소수,,"사료 제조 전산, 일반 전산 지원",채용 규모/특징: 극소수. 부산 기반 제조업의 소규모 전산 조직,121,6432,dart
899,월덱스,101160,3068,제조·모빌리티,극소수,,"반도체 부품 제조 IT, 일반 전산 유지보수",채용 규모/특징: 극소수. 구미 기반 제조업의 보수적인 전산 관리,370,5952,dart
900,아바코,083930,3055,기타,소규모,,"디스플레이 장비 IT, 일반 전산 지원, 보안",채용 규모/특징: 소수. 대구 기반 중견 장비사 전산 인프라 관리,420,6554,dart
901,한글과컴퓨터,030520,3048,기타,중간,혼합,"SW 개발, 클라우드 운영, 전산 보안","채용 규모/특징: 수시/정기 공채. 국내 대표 SW 기업, 인프라 및 전산직 전문성 높음",395,8949,dart
902,삼익THK,004380,3044,기타,소규모,수시,"제조 공정 IT, ERP 유지보수, 보안","채용 규모/특징: 소수 수시 채용. 대구 기반 자동화 설비 전산, 매우 안정적임",733,6170,dart
903,동우팜투테이블,088910,3031,제조·모빌리티,극소수,,"식품 유통 전산, 일반 전산 지원",채용 규모/특징: 극소수. 전형적인 중견 제조업의 전산 관리 직무,545,4834,dart
904,우원개발,046940,3028,건설·엔지니어링,극소수,,"건설 ERP 운영, 본사 전산 인프라 지원",채용 규모/특징: 극소수. 토목 중심 건설사 전산 유지보수 업무,266,7398,dart
905,카페24,042000,3025,IT·플랫폼,,수시,"이커머스 인프라 운영, 전산 보안, 서버","채용 규모/특징: 수시 채용 활발. 플랫폼 기반 전산망 관리, 컴공 전공자 다수 채용",1035,7209,dart
906,한국수출포장공업,002200,3018,제조·모빌리티,극소수,,"제지 제조 IT, 일반 전산 유지보수",채용 규모/특징: 극소수. 제조업 기반의 보수적인 전산 관리 환경,414,5943,dart
907,영화금속,012280,3017,제조·모빌리티,극소수,,"자동차 부품 제조 IT, 일반 전산 지원",채용 규모/특징: 극소수. 창원 기반 제조업의 소규모 전산 조직,367,7602,dart
908,KT지니뮤직,043610,3016,기타,대규모,수시,"음원 플랫폼 인프라, 전산 보안, 네트워크","채용 규모/특징: 수시 채용. KT 계열, 대규모 트래픽 전산 관리 및 보안 핵심",231,6884,dart
909,다원시스,068240,3015,제조·모빌리티,소규모,,"철도/전력 설비 IT, 전산 보안, ERP",채용 규모/특징: 소수. 특수 전원 장치 기반의 제조 전산 유지보수,605,4765,dart
910,에코프로머티,450080,2998,기타,,수시,"배터리 소재 IT, 스마트 팩토리, 전산 보안","채용 규모/특징: 수시 채용 활발. 포항 기반 급성장 기업, 전산 인프라 대폭 확충",651,14806,dart
911,DSR,155660,2998,제조·모빌리티,극소수,,"와이어 제조 IT, 일반 전산 지원",채용 규모/특징: 극소수. 보수적이지만 매우 안정적인 제조업 전산직,171,8948,dart
912,노바렉스,194700,2977,제조·모빌리티,소규모,,"건기식 제조 IT, ERP 유지보수, 보안",채용 규모/특징: 소수. 오창 기반 제조업의 전형적인 전산팀 업무,444,5090,dart
913,대호특수강,021040,2964,제조·모빌리티,극소수,,"선재 제조 IT, 일반 전산 유지보수",채용 규모/특징: 극소수. 제조업 기반의 소규모 전산 조직 운영,259,7253,dart
914,씨케이솔루션,480370,2958,기타,소규모,,"이차전지 드라이룸 IT, 전산 인프라 지원",채용 규모/특징: 소수. 신규 상장 추진 등 사세 확장에 따른 IT 보강,238,7360,dart
915,삼화콘덴서공업,001820,2954,제조·모빌리티,소규모,,"전자부품 제조 IT, ERP 운영, 전산 보안",채용 규모/특징: 소수. 용인 기반 제조업의 안정적인 전산 직무,641,6015,dart
916,원익피앤이,217820,2947,제조·모빌리티,,수시,"이차전지 장비 IT, 전산 인프라 보안","채용 규모/특징: 수시 채용. 원익 계열, 장비 제조 특화 전산 유지보수",742,5749,dart
917,한국전자홀딩스,006200,2943,기타,극소수,,그룹 IT 전략 및 제조 전산 거버넌스,채용 규모/특징: 극소수. KEC 등 계열사 전산 정책 수립 및 감사,47,5987,dart
918,SNT에너지,100840,2943,에너지,극소수,,"발전 설비 IT, 일반 전산 유지보수",채용 규모/특징: 극소수. 창원 기반 제조업의 안정적인 전산 관리,245,7100,dart
919,한창제지,009460,2943,제조·모빌리티,극소수,,"제지 제조 IT, 일반 전산 지원",채용 규모/특징: 극소수. 양산 기반 제조업의 최소 인원 전산 조직,250,5869,dart
920,바이오니아,064550,2940,바이오·헬스,,수시,"분자진단 IT 인프라, 전산 보안, ERP",채용 규모/특징: 수시 채용. 대전 기반 바이오 테크 전산 및 네트워크 관리,392,4830,dart
921,경동인베스트,012320,2937,기타,소규모,,그룹 IT 전략 및 자원 개발 전산 기획,"채용 규모/특징: 소수. 지주사 성격, 계열사 전산 거버넌스 관리",15,8248,dart
922,우리손에프앤지,073560,2927,기타,극소수,,"축산 유통 전산, 일반 전산 유지보수",채용 규모/특징: 극소수. 이지홀딩스 계열 실무 전산 유지관리 업무,134,5245,dart
923,한진칼,180640,2922,기타,극소수,,그룹 IT 전략 수립 및 보안 감사,"채용 규모/특징: 극소수 (지주사). 한진그룹 지주사, 실제 IT는 대한항공/한진 주도",25,13232,dart
924,에스코넥,096630,2919,제조·모빌리티,극소수,,"휴대폰 부품 제조 IT, 일반 전산 지원",채용 규모/특징: 극소수. 제조업 기반의 보수적인 전산 유지보수,68,7963,dart
925,아이센스,099190,2911,기타,중간,혼합,"의료기기 제조 IT, ERP 유지보수, 전산 보안",채용 규모/특징: 수시 채용. 혈당측정기 기반 글로벌 전산망 관리 핵심,904,5212,dart
926,모토닉,009680,2906,제조·모빌리티,극소수,,"자동차 부품 제조 IT, 일반 전산 지원","채용 규모/특징: 극소수. 대구 기반 부품사, 고연봉 및 매우 높은 안정성",274,6655,dart
927,페이퍼코리아,001020,2902,제조·모빌리티,극소수,,"제지 제조 IT, ERP 유지보수, 보안",채용 규모/특징: 극소수. 군산 기반 제조업의 전형적인 전산 직무,162,8117,dart
928,남선알미늄,008350,2895,기타,극소수,,"알루미늄 제조 IT, 일반 전산 지원",채용 규모/특징: 극소수. SM그룹 계열 대구 기반 전산 유지보수,534,6282,dart
929,에이테크솔루션,071670,2895,제조·모빌리티,소규모,,"금형 제조 IT, 스마트 팩토리 지원","채용 규모/특징: 소수. 삼성전자 협력사, 정교한 제조 전산 인프라",366,4671,dart
930,유나이티드,033270,2887,바이오·헬스,소규모,수시,"제약 전산, ERP 운영, 보안",채용 규모/특징: 소수 수시 채용. 세종/논산 기반 안정적인 제약 전산직,936,6560,dart
931,진양홀딩스,100250,2868,기타,극소수,,그룹 IT 전략 및 화학 전산 거버넌스,"채용 규모/특징: 극소수. KPX 계열 지주사, 소규모 IT 기획 업무",4,4800,dart
932,원익큐브,014190,2868,유통·물류,소규모,,"IT 소재 유통 전산, ERP 관리, 보안",채용 규모/특징: 소수. 원익 계열 유통 전산 및 사내 인프라 관리,132,5572,dart
933,필에너지,378340,2854,에너지,,수시,"이차전지 장비 IT, 전산 인프라 보안","채용 규모/특징: 수시 채용. 오산 기반 급성장 기업, IT 조직 강화 중",333,5218,dart
934,아난티,025980,2852,기타,,수시,"리조트 전산 시스템 운영, 보안, 인프라",채용 규모/특징: 수시 채용. 프리미엄 리조트 특화 전산 인프라 관리,726,4476,dart
935,씨유테크,376290,2842,제조·모빌리티,극소수,,"전자부품 제조 IT, 일반 전산 지원",채용 규모/특징: 극소수. 평택 기반 제조업의 소규모 전산 조직,44,6214,dart
936,씨앤씨인터내셔널,352480,2829,제조·모빌리티,소규모,수시,"화장품 제조 IT, 스마트 팩토리, ERP",채용 규모/특징: 소수 수시 채용. 화성/용인 기반 성장하는 제조 전산 조직,619,4668,dart
937,엠앤씨솔루션,484870,2828,기타,소규모,,"방산 부품 제조 IT, 전산 보안(기밀)",채용 규모/특징: 소수. (구 모트롤) 창원 기반 고보안 전산 시스템,308,8370,dart
938,가비아,079940,2824,IT·플랫폼,,수시,"클라우드 인프라 운영, 전산 보안, 네트워크","채용 규모/특징: 수시 채용 활발. IT 인프라 전문, 전산/네트워크 실무의 정석",403,5978,dart
939,대림바스,005750,2811,제조·모빌리티,소규모,,"위생도기 제조 IT, ERP 유지보수, 보안",채용 규모/특징: 소수. 제조업 기반의 안정적인 전산 운영 직무,741,5983,dart
940,디와이피엔에프,104460,2810,제조·모빌리티,소규모,,"설비 제조 IT, 일반 전산 인프라 지원",채용 규모/특징: 소수. 제조업 기반의 전형적인 전산팀 업무,260,6837,dart
941,대영포장,014160,2808,제조·모빌리티,극소수,,"골판지 제조 IT, 일반 전산 유지보수",채용 규모/특징: 극소수. 안산 기반 제조업의 소규모 전산 조직 운영,345,6088,dart
942,미라콤아이앤씨,,2786,제조·모빌리티,,수시,"스마트 팩토리 SI/SM, 제조 전산 전문","채용 규모/특징: 수시 채용 활발. 삼성SDS 자회사, 제조 IT 솔루션 최강자",,7500,research
943,리노공업,058470,2782,기타,소규모,수시,"반도체 부품 제조 IT, 전산 보안, ERP","채용 규모/특징: 소수 수시 채용. 부산 기반 '신의 직장', 매우 높은 연봉과 안정성",636,9009,dart
944,파라텍,033540,2780,제조·모빌리티,극소수,,"소방 설비 IT, 전산 인프라 유지보수",채용 규모/특징: 극소수. 서산 공장 및 본사 전산 유지관리 업무,254,4425,dart
945,대원,007680,2772,건설·엔지니어링,소규모,,"건설 ERP 운영, 본사 전산 인프라 관리",채용 규모/특징: 소수. 청주 기반 중견 건설사 전산 지원 업무,140,8648,dart
946,엘티씨,170920,2770,제조·모빌리티,극소수,,"반도체 케미칼 IT, 일반 전산 지원",채용 규모/특징: 극소수. 화성 기반 제조업의 전형적인 전산 직무,116,6256,dart
947,티씨케이,064760,2757,기타,소규모,,"반도체 부품 제조 IT, 전산 보안, ERP","채용 규모/특징: 소수. 안성 기반 고수익 기업, 안정적 전산직",448,8179,dart
948,오로라,039830,2757,유통·물류,소규모,,"유통 전산 시스템, 이커머스 인프라",채용 규모/특징: 소수. 완구 유통 기반 글로벌 전산망 관리 지원,153,4991,dart
949,NI스틸,008260,2753,제조·모빌리티,극소수,,"철강 제조 IT, 일반 전산 유지보수","채용 규모/특징: 극소수. 포스코 계열사, 매우 안정적인 제조업 전산",281,6530,dart
950,연우,115960,2748,제조·모빌리티,소규모,수시,"화장품 용기 제조 IT, ERP 운영, 보안","채용 규모/특징: 소수 수시 채용. 한국콜마 계열, 인천 기반 제조 전산 지원",1295,4769,dart
951,대륙제관,004780,2747,제조·모빌리티,극소수,,"금속 용기 제조 IT, 일반 전산 지원",채용 규모/특징: 극소수. 제조업 기반의 보수적인 전산 관리 업무,431,5897,dart
952,에스티팜,237690,2738,바이오·헬스,,수시,"바이오 제조 IT, 전산 보안, ERP","채용 규모/특징: 수시 채용. 동아쏘시오 계열, 고성장 바이오 전산직",664,5507,dart
953,제이앤티씨,204270,2732,제조·모빌리티,소규모,,"강화유리 제조 IT, 전산 인프라 보안",채용 규모/특징: 소수. 베트남 공장 연동 글로벌 전산망 관리,306,5059,dart
954,푸드웰,005670,2730,제조·모빌리티,극소수,,"식품 제조 IT, 일반 전산 유지보수",채용 규모/특징: 극소수. 대구 기반 제조업의 소규모 전산 조직,182,5057,dart
955,티에스아이,277880,2720,기타,소규모,,"반도체 장비 IT, 전산 보안, ERP 운영",채용 규모/특징: 소수. 천안 기반 중견 장비사 전산 인프라 관리,290,6027,dart
956,젝시믹스,337930,2716,유통·물류,,수시,"이커머스 인프라, 전산 보안, 물류 IT",채용 규모/특징: 수시 채용 활발. D2C 이커머스 특화 전산 시스템 운영,217,5017,dart
957,윤성에프앤씨,372170,2713,제조·모빌리티,,수시,"이차전지 설비 IT, 스마트 팩토리, 보안",채용 규모/특징: 수시 채용. 안성/화성 기반 급성장 제조 전산 조직,335,6207,dart
958,안국약품,001540,2711,바이오·헬스,소규모,수시,"제약 전산 시스템, ERP 유지보수, 보안",채용 규모/특징: 소수 수시 채용. 과천 본사 기반 안정적인 제약 전산직,420,5665,dart
959,DH오토리드,290120,2704,제조·모빌리티,극소수,,"자동차 부품 제조 IT, 일반 전산 지원",채용 규모/특징: 극소수. 제조업 기반의 전형적인 전산 유지보수,214,6310,dart
960,일양약품,007570,2689,기타,중간,혼합,"제약 전산 시스템, ERP 운영, 인프라 보안",채용 규모/특징: 수시/정기 공채. 보수적이지만 매우 탄탄한 전산 기반,668,7678,dart
961,드림시큐리티,203650,2688,기타,,수시,"정보보안 솔루션, 전산 인프라 운영","채용 규모/특징: 수시 채용 활발. 보안 전문 기업, IT 보안/인프라 실무 중심",222,5310,dart
962,플레이그램,009810,2683,기타,극소수,,(구 엔터기술) 전산 시스템 및 행정 지원,채용 규모/특징: 극소수. 기업 구조 변화에 따른 소규모 전산 관리,50,4908,dart
963,모나용평,070960,2678,기타,,수시,"리조트 전산 시스템 운영, 보안, 인프라",채용 규모/특징: 수시 채용. 관광/레저 특화 전산 유지보수 및 네트워크,376,4838,dart
964,SK바이오사이언스,302440,2675,바이오·헬스,중간,혼합,"백신 제조 IT, 스마트 팩토리, 전산 보안",채용 규모/특징: 수시/정기 공채. 판교/안동 기반 최상급 처우 및 IT 인프라,1021,8013,dart
965,코아시아씨엠,196450,2673,제조·모빌리티,소규모,,"카메라 모듈 IT, 일반 전산 인프라 지원",채용 규모/특징: 소수. 제조업 기반의 전형적인 전산 유지보수 업무,41,5541,dart
966,태광,023160,2668,제조·모빌리티,극소수,,"배관 자재 제조 IT, 일반 전산 지원",채용 규모/특징: 극소수. 부산 기반 제조업의 안정적이고 보수적인 직무,330,7798,dart
967,KG모빌리언스,046440,2661,기타,,수시,"결제 인프라 운영, 전산 보안, 서버 관리","채용 규모/특징: 수시 채용 활발. KG그룹 계열 핀테크, IT 전산 실무 비중 높음",165,4786,dart
968,엘오티베큠,083310,2660,제조·모빌리티,소규모,,"반도체 진공펌프 IT, ERP 유지보수, 보안",채용 규모/특징: 소수. 안성/판교 기반 강소기업 제조 전산 핵심,462,5786,dart
969,온타이드,005320,2659,제조·모빌리티,극소수,,(구 신성이엔지 계열) 일반 전산 지원,채용 규모/특징: 극소수. 소규모 제조업 전산 인프라 유지보수 업무,59,4719,dart
970,FSN,214270,2656,기타,,수시,"애드테크 플랫폼 인프라, 전산 보안",채용 규모/특징: 수시 채용 활발. 디지털 마케팅 기반 서버 및 네트워크 관리,113,6162,dart
971,에넥스,011090,2641,제조·모빌리티,소규모,,"가구 제조 IT, ERP 유지보수, 전산 보안","채용 규모/특징: 소수. 보수적인 제조업 전산 환경, 인프라 유지 중심",197,5017,dart
972,에이블씨엔씨,078520,2640,유통·물류,,수시,"(미샤) 이커머스 전산 인프라, 유통 보안",채용 규모/특징: 수시 채용. 온/오프라인 통합 유통 전산망 관리 업무,258,5842,dart
973,제이씨현시스템,033320,2639,유통·물류,소규모,,"IT 유통 전산, 일반 전산 보안 및 지원",채용 규모/특징: 소수. 하드웨어 유통 기반의 사내 시스템 관리,96,4570,dart
974,제룡전기,033100,2627,제조·모빌리티,극소수,,"변압기 제조 IT, 일반 전산 유지보수",채용 규모/특징: 극소수. 수주 호황에 따른 안정적인 제조업 전산직,201,7939,dart
975,웰크론한텍,076080,2619,건설·엔지니어링,극소수,,"플랜트 제조 IT, 일반 전산 지원, 보안",채용 규모/특징: 극소수. 건설/설비 기반의 전산 유지보수 및 보안,227,6840,dart
976,다날,064260,2609,기타,,수시,"결제 인프라 운영, 전산 보안, 네트워크","채용 규모/특징: 수시 채용 활발. 휴대폰 결제 1위, 고수준 보안 전산 실무",258,5832,dart
977,안랩,053800,2606,IT·플랫폼,대규모,혼합,"정보보안 인프라, 전산 운영, 클라우드","채용 규모/특징: 대규모 수시/공채. 보안 전문성 최상, 전산직 커리어 성장에 최적",1266,6945,dart
978,까뮤이앤씨,013700,2604,건설·엔지니어링,극소수,,"건설 ERP 운영, 본사/현장 전산 지원",채용 규모/특징: 극소수. 건설업계의 전형적인 전산 유지보수 직무,166,7655,dart
979,신원종합개발,017000,2598,건설·엔지니어링,극소수,,"건설 전산 시스템, 일반 전산 보안",채용 규모/특징: 극소수. 소규모 건설사 전산 인프라 관리 업무,189,6500,research
980,환인제약,016580,2596,바이오·헬스,소규모,수시,"제약 전산 시스템, ERP 유지보수, 보안","채용 규모/특징: 소수 수시 채용. 정신건강 특화 제약사, 매우 안정적인 전산직",653,6609,dart
981,금비,008870,2595,제조·모빌리티,극소수,,"유리 용기 제조 IT, 일반 전산 지원",채용 규모/특징: 극소수. 보수적이고 안정적인 제조업 전산 관리,230,5334,dart
982,대현,016090,2593,유통·물류,소규모,,"패션 유통 전산, ERP 운영, 인프라 보안",채용 규모/특징: 소수. 여성복 브랜드 기반 유통 전산망 관리,390,6589,dart
983,인텔리안테크,189300,2578,기타,,수시,"위성 안테나 IT 인프라, 전산 보안, ERP","채용 규모/특징: 수시 채용. 평택 본사, 글로벌 확장세에 따른 IT 인력 보강",461,6667,dart
984,대동기어,008830,2571,기타,극소수,,"자동차 부품 제조 IT, 일반 전산 유지보수","채용 규모/특징: 극소수. 대동 계열사, 대구 기반 안정적인 전산직",235,7685,dart
985,대신정보통신,020180,2568,기타,,수시,"SI/SM, 금융/공공 전산 운영 지원","채용 규모/특징: 수시 채용 활발. IT 서비스 전문 기업, 실무형 전산직 채용 많음",660,4873,dart
986,대원미디어,048910,2564,유통·물류,소규모,,"콘텐츠 유통 IT, 전산 보안, ERP 운영",채용 규모/특징: 소수. 용산 본사 기반 유통 및 라이선스 전산 관리,241,4341,dart
987,한세엠케이,069640,2563,유통·물류,,수시,"패션 유통 전산, 물류 IT 인프라 보안",채용 규모/특징: 수시 채용. 한세그룹 계열 유통 전산 및 사내 시스템,252,6363,dart
988,미원화학,134380,2561,제조·모빌리티,극소수,,"화학 제조 IT, 일반 전산 유지보수","채용 규모/특징: 극소수. 미원 계열, 매우 높은 연봉과 안정성 보장",235,7766,dart
989,넥슨게임즈,225570,2561,기타,대규모,수시,"게임 인프라 운영, 전산 보안, 플랫폼","채용 규모/특징: 대규모 수시 채용. 넥슨 계열 개발사, 테크 중심 전산직 대우 우수",1459,8732,dart
990,보령엘엔지터미널,,2560,기타,극소수,,"LNG 터미널 전산 운영, 보안, 인프라","채용 규모/특징: 극소수. GS/SK 합작, 극강의 안정성과 높은 연봉",,10000,research
991,피제이메탈,128660,2545,제조·모빌리티,극소수,,"알루미늄 제조 IT, 일반 전산 유지보수",채용 규모/특징: 극소수. 제조업 기반의 소규모 전산 조직 운영,81,6017,dart
992,한국큐빅,021650,2521,제조·모빌리티,극소수,,"자동차 부품 제조 IT, 일반 전산 지원",채용 규모/특징: 극소수. 제조업 기반의 보수적인 전산 관리 업무,,5300,dart
993,영진약품,003520,2520,바이오·헬스,,수시,"제약 전산 시스템, ERP 유지보수, 보안","채용 규모/특징: 수시 채용. KT&G 계열 제약사, 안정적인 전산 인프라",628,6524,dart
994,이아이디,093230,2520,기타,소규모,,그룹 IT 전략 및 유통 전산 기획,채용 규모/특징: 소수. 이트론 등 계열사 연계 전산 기획 업무,19,5921,dart
995,상신이디피,091580,2518,기타,소규모,,"배터리 부품 제조 IT, 스마트 팩토리, ERP",채용 규모/특징: 소수. 천안/공주 기반 삼성SDI 협력사 전산 지원,248,4397,dart
996,삼아알미늄,006110,2517,제조·모빌리티,소규모,,"알루미늄 제조 IT, 일반 전산 보안, 인프라",채용 규모/특징: 소수. 이차전지 소재 분야 성장에 따른 전산직 강화,387,5742,dart
997,하나머티리얼즈,166090,2516,기타,소규모,수시,"반도체 부품 제조 IT, MES 운영, 보안",채용 규모/특징: 소수 수시 채용. 천안 기반 하나마이크론 계열 전산 지원,738,7004,dart
998,서플러스글로벌,140070,2516,제조·모빌리티,소규모,,"반도체 장비 유통 IT, 전산 인프라 보안",채용 규모/특징: 소수. 용인 기반 반도체 장비 클러스터 전산 관리,86,5992,dart
999,모두투어,080160,2516,기타,대규모,수시,"여행 전산 시스템, 예약 인프라 보안","채용 규모/특징: 수시 채용. 여행업계 상위권, 대규모 예약 전산망 운영",610,5313,dart
1000,코다코,046070,2514,제조·모빌리티,극소수,,"자동차 부품 제조 IT, 일반 전산 유지보수",채용 규모/특징: 극소수. 안성 기반 제조업의 소규모 전산 조직 운영,198,5971,dart
